Bloco;Unidade;Tipo;Mês;Data Leitura;Leitura Anterior;Leitura Atual;Consumo;Custo;Custo Adicional;Total;Houve Troca de Medidor?;Validade Medidor;Observação;Imagem
A;201;Água Quente;02/2026;29/01/2026;141,677;143,834;2,157;0;0;0;Não;;;https://download.doctorcondo.com.br/uploads2/condos/280/monthly_measurement/photo/943224/photo-f8ab30cb.jpg
A;202;Água Quente;02/2026;29/01/2026;0,697;0,697;0;0;0;0;Não;;;https://download.doctorcondo.com.br/uploads2/condos/280/monthly_measurement/photo/943227/photo-ed4d5c43.jpg
A;203;Água Quente;02/2026;29/01/2026;225,177;230,657;5,48;0;0;0;Não;;;https://download.doctorcondo.com.br/uploads2/condos/280/monthly_measurement/photo/943230/photo-04773573.jpg
A;204;Água Quente;02/2026;29/01/2026;244,062;250,186;6,124;0;0;0;Não;;;https://download.doctorcondo.com.br/uploads2/condos/280/monthly_measurement/photo/943233/photo-f0765566.jpg
A;205;Água Quente;02/2026;29/01/2026;78,221;80,912;2,691;0;0;0;Não;;;https://download.doctorcondo.com.br/uploads2/condos/280/monthly_measurement/photo/943236/photo-e89ce803.jpg
A;206;Água Quente;02/2026;29/01/2026;362,357;370,067;7,71;0;0;0;Não;;;https://download.doctorcondo.com.br/uploads2/condos/280/monthly_measurement/photo/943239/photo-320f7600.jpg
A;207;Água Quente;02/2026;29/01/2026;128,134;129,921;1,787;0;0;0;Não;;;https://download.doctorcondo.com.br/uploads2/condos/280/monthly_measurement/photo/943242/photo-665ddc99.jpg
A;208;Água Quente;02/2026;29/01/2026;59,867;60,532;0,665;0;0;0;Não;;;https://download.doctorcondo.com.br/uploads2/condos/280/monthly_measurement/photo/943245/photo-5d3d65d2.jpg
A;209;Água Quente;02/2026;29/01/2026;143,844;147,275;3,431;0;0;0;Não;;;https://download.doctorcondo.com.br/uploads2/condos/280/monthly_measurement/photo/943248/photo-69ed9bac.jpg
A;210;Água Quente;02/2026;29/01/2026;64,171;65,187;1,016;0;0;0;Não;;;https://download.doctorcondo.com.br/uploads2/condos/280/monthly_measurement/photo/943251/photo-8061d142.jpg
A;211;Água Quente;02/2026;29/01/2026;562,82;572,832;10,012;0;0;0;Não;;;https://download.doctorcondo.com.br/uploads2/condos/280/monthly_measurement/photo/943254/photo-1befafa5.jpg
A;212;Água Quente;02/2026;29/01/2026;305,809;305,81;0,001;0;0;0;Não;;;https://download.doctorcondo.com.br/uploads2/condos/280/monthly_measurement/photo/943257/photo-dbaf72ba.jpg
A;301;Água Quente;02/2026;29/01/2026;107,267;109,344;2,077;0;0;0;Não;;;https://download.doctorcondo.com.br/uploads2/condos/280/monthly_measurement/photo/943260/photo-cd3edcf7.jpg
A;302;Água Quente;02/2026;29/01/2026;420,764;429,412;8,648;0;0;0;Não;;;https://download.doctorcondo.com.br/uploads2/condos/280/monthly_measurement/photo/943263/photo-c8a5b3f2.jpg
A;303;Água Quente;02/2026;29/01/2026;165,178;171,543;6,365;0;0;0;Não;;;https://download.doctorcondo.com.br/uploads2/condos/280/monthly_measurement/photo/943266/photo-60964407.jpg
A;304;Água Quente;02/2026;29/01/2026;125,921;129,12;3,199;0;0;0;Não;;;https://download.doctorcondo.com.br/uploads2/condos/280/monthly_measurement/photo/943269/photo-0572cdb7.jpg
A;305;Água Quente;02/2026;29/01/2026;396,637;404,087;7,45;0;0;0;Não;;;https://download.doctorcondo.com.br/uploads2/condos/280/monthly_measurement/photo/943272/photo-e84ec1b6.jpg
A;306;Água Quente;02/2026;29/01/2026;410,872;417,389;6,517;0;0;0;Não;;;https://download.doctorcondo.com.br/uploads2/condos/280/monthly_measurement/photo/943275/photo-60403b01.jpg
A;307;Água Quente;02/2026;29/01/2026;55,221;55,222;0,001;0;0;0;Não;;;https://download.doctorcondo.com.br/uploads2/condos/280/monthly_measurement/photo/943278/photo-9e6f7ce8.jpg
A;308;Água Quente;02/2026;29/01/2026;84,796;85,798;1,002;0;0;0;Não;;;https://download.doctorcondo.com.br/uploads2/condos/280/monthly_measurement/photo/943281/photo-306ba312.jpg
A;309;Água Quente;02/2026;29/01/2026;134,444;139,884;5,44;0;0;0;Não;;;https://download.doctorcondo.com.br/uploads2/condos/280/monthly_measurement/photo/943284/photo-a0d625b4.jpg
A;310;Água Quente;02/2026;29/01/2026;365,644;365,644;0;0;0;0;Não;;;https://download.doctorcondo.com.br/uploads2/condos/280/monthly_measurement/photo/943287/photo-0fcf40f3.jpg
A;311;Água Quente;02/2026;29/01/2026;47,692;48,05;0,358;0;0;0;Não;;;https://download.doctorcondo.com.br/uploads2/condos/280/monthly_measurement/photo/943290/photo-32836539.jpg
A;312;Água Quente;02/2026;29/01/2026;77,848;80,188;2,34;0;0;0;Não;;;https://download.doctorcondo.com.br/uploads2/condos/280/monthly_measurement/photo/943293/photo-d7a55037.jpg
A;401;Água Quente;02/2026;29/01/2026;154,147;161,067;6,92;0;0;0;Não;;;https://download.doctorcondo.com.br/uploads2/condos/280/monthly_measurement/photo/943296/photo-f1dac0e7.jpg
A;402;Água Quente;02/2026;29/01/2026;293,883;298,479;4,596;0;0;0;Não;;;https://download.doctorcondo.com.br/uploads2/condos/280/monthly_measurement/photo/943299/photo-20d1dd93.jpg
A;403;Água Quente;02/2026;29/01/2026;115,654;118,837;3,183;0;0;0;Não;;;https://download.doctorcondo.com.br/uploads2/condos/280/monthly_measurement/photo/943302/photo-40468d96.jpg
A;404;Água Quente;02/2026;29/01/2026;0,728;0,728;0;0;0;0;Não;;;https://download.doctorcondo.com.br/uploads2/condos/280/monthly_measurement/photo/943305/photo-46bc3ed9.jpg
A;405;Água Quente;02/2026;29/01/2026;234,872;236,792;1,92;0;0;0;Não;;;https://download.doctorcondo.com.br/uploads2/condos/280/monthly_measurement/photo/943308/photo-d4c1c52b.jpg
A;406;Água Quente;02/2026;29/01/2026;19,37;19,37;0;0;0;0;Não;;;https://download.doctorcondo.com.br/uploads2/condos/280/monthly_measurement/photo/943311/photo-e0b044c3.jpg
A;407;Água Quente;02/2026;29/01/2026;0,378;0,378;0;0;0;0;Não;;;https://download.doctorcondo.com.br/uploads2/condos/280/monthly_measurement/photo/943314/photo-768b6bf9.jpg
A;408;Água Quente;02/2026;29/01/2026;0,279;0,279;0;0;0;0;Não;;;https://download.doctorcondo.com.br/uploads2/condos/280/monthly_measurement/photo/943317/photo-3a491a17.jpg
A;409;Água Quente;02/2026;29/01/2026;103,207;104,249;1,042;0;0;0;Não;;;https://download.doctorcondo.com.br/uploads2/condos/280/monthly_measurement/photo/943320/photo-a212d2d3.jpg
A;410;Água Quente;02/2026;29/01/2026;145,42;145,421;0,001;0;0;0;Não;;;https://download.doctorcondo.com.br/uploads2/condos/280/monthly_measurement/photo/943323/photo-5675b6ff.jpg
A;411;Água Quente;02/2026;29/01/2026;119,769;121,427;1,658;0;0;0;Não;;;https://download.doctorcondo.com.br/uploads2/condos/280/monthly_measurement/photo/943326/photo-13ab378f.jpg
A;412;Água Quente;02/2026;29/01/2026;543,103;543,103;0;0;0;0;Não;;;https://download.doctorcondo.com.br/uploads2/condos/280/monthly_measurement/photo/943329/photo-82360866.jpg
A;501;Água Quente;02/2026;29/01/2026;119,048;119,074;0,026;0;0;0;Não;;;https://download.doctorcondo.com.br/uploads2/condos/280/monthly_measurement/photo/943332/photo-2272941a.jpg
A;502;Água Quente;02/2026;29/01/2026;446,497;447,992;1,495;0;0;0;Não;;;https://download.doctorcondo.com.br/uploads2/condos/280/monthly_measurement/photo/943335/photo-dab349e6.jpg
A;503;Água Quente;02/2026;29/01/2026;130,069;139,232;9,163;0;0;0;Não;;;https://download.doctorcondo.com.br/uploads2/condos/280/monthly_measurement/photo/943338/photo-60ca32c0.jpg
A;504;Água Quente;02/2026;29/01/2026;30,962;32,322;1,36;0;0;0;Não;;;https://download.doctorcondo.com.br/uploads2/condos/280/monthly_measurement/photo/943341/photo-0d525a94.jpg
A;505;Água Quente;02/2026;29/01/2026;148,624;150,91;2,286;0;0;0;Não;;;https://download.doctorcondo.com.br/uploads2/condos/280/monthly_measurement/photo/943344/photo-2412f689.jpg
A;506;Água Quente;02/2026;29/01/2026;202,169;205,602;3,433;0;0;0;Não;;;https://download.doctorcondo.com.br/uploads2/condos/280/monthly_measurement/photo/943347/photo-7c63b18a.jpg
A;507;Água Quente;02/2026;29/01/2026;332,513;332,513;0;0;0;0;Não;;;https://download.doctorcondo.com.br/uploads2/condos/280/monthly_measurement/photo/943350/photo-73b6e536.jpg
A;508;Água Quente;02/2026;29/01/2026;200,499;205,95;5,451;0;0;0;Não;;;https://download.doctorcondo.com.br/uploads2/condos/280/monthly_measurement/photo/943353/photo-8a4169e5.jpg
A;509;Água Quente;02/2026;29/01/2026;176,696;179,366;2,67;0;0;0;Não;;;https://download.doctorcondo.com.br/uploads2/condos/280/monthly_measurement/photo/943356/photo-d639b591.jpg
A;510;Água Quente;02/2026;29/01/2026;132,037;133,796;1,759;0;0;0;Não;;;https://download.doctorcondo.com.br/uploads2/condos/280/monthly_measurement/photo/943359/photo-f018ff92.jpg
A;511;Água Quente;02/2026;29/01/2026;97,697;100,472;2,775;0;0;0;Não;;;https://download.doctorcondo.com.br/uploads2/condos/280/monthly_measurement/photo/943362/photo-d15b6b1c.jpg
A;512;Água Quente;02/2026;29/01/2026;268,714;268,787;0,073;0;0;0;Não;;;https://download.doctorcondo.com.br/uploads2/condos/280/monthly_measurement/photo/943365/photo-f6e91881.jpg
A;601;Água Quente;02/2026;29/01/2026;144,579;144,563;-0,016;0;0;0;Não;;;https://download.doctorcondo.com.br/uploads2/condos/280/monthly_measurement/photo/943368/photo-7a0521e2.jpg
A;612;Água Quente;02/2026;29/01/2026;346,676;348,023;1,347;0;0;0;Não;;;https://download.doctorcondo.com.br/uploads2/condos/280/monthly_measurement/photo/943371/photo-1c46476a.jpg
A;701;Água Quente;02/2026;30/01/2026;254,35;259,731;5,381;0;0;0;Não;;;https://download.doctorcondo.com.br/uploads2/condos/280/monthly_measurement/photo/943374/photo-239e760c.jpg
A;702;Água Quente;02/2026;30/01/2026;179,285;179,83;0,545;0;0;0;Não;;;https://download.doctorcondo.com.br/uploads2/condos/280/monthly_measurement/photo/943377/photo-4bf0e1be.jpg
A;703;Água Quente;02/2026;30/01/2026;1,851;1,852;0,001;0;0;0;Não;;;https://download.doctorcondo.com.br/uploads2/condos/280/monthly_measurement/photo/943380/photo-3a96b0ca.jpg
A;704;Água Quente;02/2026;30/01/2026;0,46;0,46;0;0;0;0;Não;;;https://download.doctorcondo.com.br/uploads2/condos/280/monthly_measurement/photo/943383/photo-3012cb65.jpg
A;705;Água Quente;02/2026;30/01/2026;228,318;235,634;7,316;0;0;0;Não;;;https://download.doctorcondo.com.br/uploads2/condos/280/monthly_measurement/photo/943386/photo-298391ea.jpg
A;706;Água Quente;02/2026;30/01/2026;1,346;1,346;0;0;0;0;Não;;;https://download.doctorcondo.com.br/uploads2/condos/280/monthly_measurement/photo/943389/photo-286697a9.jpg
A;707;Água Quente;02/2026;30/01/2026;74,717;76,024;1,307;0;0;0;Não;;;https://download.doctorcondo.com.br/uploads2/condos/280/monthly_measurement/photo/943392/photo-136dd58b.jpg
A;708;Água Quente;02/2026;30/01/2026;214,816;215,659;0,843;0;0;0;Não;;;https://download.doctorcondo.com.br/uploads2/condos/280/monthly_measurement/photo/943395/photo-b917358f.jpg
A;709;Água Quente;02/2026;30/01/2026;104,762;105,46;0,698;0;0;0;Não;;;https://download.doctorcondo.com.br/uploads2/condos/280/monthly_measurement/photo/943398/photo-c511d364.jpg
A;710;Água Quente;02/2026;30/01/2026;310,05;313,91;3,86;0;0;0;Não;;;https://download.doctorcondo.com.br/uploads2/condos/280/monthly_measurement/photo/943401/photo-b64bdb0c.jpg
A;711;Água Quente;02/2026;30/01/2026;363,625;366,316;2,691;0;0;0;Não;;;https://download.doctorcondo.com.br/uploads2/condos/280/monthly_measurement/photo/943404/photo-8be7907b.jpg
A;712;Água Quente;02/2026;30/01/2026;56,596;59,225;2,629;0;0;0;Não;;;https://download.doctorcondo.com.br/uploads2/condos/280/monthly_measurement/photo/943407/photo-3e2cd7f6.jpg
A;801;Água Quente;02/2026;30/01/2026;164,322;147,686;-16,636;0;0;0;Não;;;https://download.doctorcondo.com.br/uploads2/condos/280/monthly_measurement/photo/943410/photo-e810c004.jpg
A;802;Água Quente;02/2026;30/01/2026;162,322;164,853;2,531;0;0;0;Não;;;https://download.doctorcondo.com.br/uploads2/condos/280/monthly_measurement/photo/943413/photo-9ab8e733.jpg
A;803;Água Quente;02/2026;30/01/2026;190,612;194,002;3,39;0;0;0;Não;;;https://download.doctorcondo.com.br/uploads2/condos/280/monthly_measurement/photo/943416/photo-31d9301b.jpg
A;804;Água Quente;02/2026;30/01/2026;162,633;162,636;0,003;0;0;0;Não;;;https://download.doctorcondo.com.br/uploads2/condos/280/monthly_measurement/photo/943419/photo-b30fc655.jpg
A;805;Água Quente;02/2026;30/01/2026;239,846;243,803;3,957;0;0;0;Não;;;https://download.doctorcondo.com.br/uploads2/condos/280/monthly_measurement/photo/943422/photo-b80112f3.jpg
A;806;Água Quente;02/2026;30/01/2026;67,198;71,088;3,89;0;0;0;Não;;;https://download.doctorcondo.com.br/uploads2/condos/280/monthly_measurement/photo/943425/photo-d71c7adb.jpg
A;807;Água Quente;02/2026;30/01/2026;279,642;283,64;3,998;0;0;0;Não;;;https://download.doctorcondo.com.br/uploads2/condos/280/monthly_measurement/photo/943428/photo-27a4beb9.jpg
A;808;Água Quente;02/2026;30/01/2026;143,097;144,12;1,023;0;0;0;Não;;;https://download.doctorcondo.com.br/uploads2/condos/280/monthly_measurement/photo/943431/photo-93019837.jpg
A;809;Água Quente;02/2026;30/01/2026;218,851;221,487;2,636;0;0;0;Não;;;https://download.doctorcondo.com.br/uploads2/condos/280/monthly_measurement/photo/943434/photo-d6aebaa1.jpg
A;810;Água Quente;02/2026;30/01/2026;196,12;199,652;3,532;0;0;0;Não;;;https://download.doctorcondo.com.br/uploads2/condos/280/monthly_measurement/photo/943437/photo-a64d54b1.jpg
A;811;Água Quente;02/2026;30/01/2026;401,03;404,953;3,923;0;0;0;Não;;;https://download.doctorcondo.com.br/uploads2/condos/280/monthly_measurement/photo/944018/photo-e7c54ab1.jpg
A;812;Água Quente;02/2026;30/01/2026;119,617;121,544;1,927;0;0;0;Não;;;https://download.doctorcondo.com.br/uploads2/condos/280/monthly_measurement/photo/944021/photo-24039810.jpg
A;901;Água Quente;02/2026;30/01/2026;58,767;59,683;0,916;0;0;0;Não;;;https://download.doctorcondo.com.br/uploads2/condos/280/monthly_measurement/photo/944024/photo-3130f969.jpg
A;902;Água Quente;02/2026;30/01/2026;100,313;104,059;3,746;0;0;0;Não;;;https://download.doctorcondo.com.br/uploads2/condos/280/monthly_measurement/photo/944027/photo-658fa4ad.jpg
A;903;Água Quente;02/2026;30/01/2026;464,708;468,932;4,224;0;0;0;Não;;;https://download.doctorcondo.com.br/uploads2/condos/280/monthly_measurement/photo/944030/photo-65bb1039.jpg
A;904;Água Quente;02/2026;30/01/2026;134,941;135,12;0,179;0;0;0;Não;;;https://download.doctorcondo.com.br/uploads2/condos/280/monthly_measurement/photo/944033/photo-7e30501f.jpg
A;905;Água Quente;02/2026;30/01/2026;240,24;242,494;2,254;0;0;0;Não;;;https://download.doctorcondo.com.br/uploads2/condos/280/monthly_measurement/photo/944036/photo-f562cfa6.jpg
A;906;Água Quente;02/2026;30/01/2026;47,402;53,45;6,048;0;0;0;Não;;;https://download.doctorcondo.com.br/uploads2/condos/280/monthly_measurement/photo/944039/photo-cda37817.jpg
A;907;Água Quente;02/2026;30/01/2026;178,506;181,817;3,311;0;0;0;Não;;;https://download.doctorcondo.com.br/uploads2/condos/280/monthly_measurement/photo/944042/photo-8cfb6ce8.jpg
A;908;Água Quente;02/2026;30/01/2026;84,162;84,163;0,001;0;0;0;Não;;;https://download.doctorcondo.com.br/uploads2/condos/280/monthly_measurement/photo/944045/photo-fa6a6254.jpg
A;909;Água Quente;02/2026;30/01/2026;242,637;246,403;3,766;0;0;0;Não;;;https://download.doctorcondo.com.br/uploads2/condos/280/monthly_measurement/photo/944048/photo-9827392f.jpg
A;910;Água Quente;02/2026;30/01/2026;141,645;143,731;2,086;0;0;0;Não;;;https://download.doctorcondo.com.br/uploads2/condos/280/monthly_measurement/photo/944051/photo-ee5cae98.jpg
A;911;Água Quente;02/2026;30/01/2026;97,074;100,805;3,731;0;0;0;Não;;;https://download.doctorcondo.com.br/uploads2/condos/280/monthly_measurement/photo/944054/photo-14cf7bf4.jpg
A;912;Água Quente;02/2026;30/01/2026;75,091;79,764;4,673;0;0;0;Não;;;https://download.doctorcondo.com.br/uploads2/condos/280/monthly_measurement/photo/944057/photo-c382a8b8.jpg
A;1001;Água Quente;02/2026;29/01/2026;150,881;153,755;2,874;0;0;0;Não;;;https://download.doctorcondo.com.br/uploads2/condos/280/monthly_measurement/photo/944060/photo-b0837237.jpg
A;1002;Água Quente;02/2026;29/01/2026;0,283;0,283;0;0;0;0;Não;;;https://download.doctorcondo.com.br/uploads2/condos/280/monthly_measurement/photo/944063/photo-bbc2e7ef.jpg
A;1003;Água Quente;02/2026;29/01/2026;61,203;65,509;4,306;0;0;0;Não;;;https://download.doctorcondo.com.br/uploads2/condos/280/monthly_measurement/photo/944066/photo-615d1dc3.jpg
A;1004;Água Quente;02/2026;29/01/2026;104,356;107,841;3,485;0;0;0;Não;;;https://download.doctorcondo.com.br/uploads2/condos/280/monthly_measurement/photo/944069/photo-4013f7e6.jpg
A;1005;Água Quente;02/2026;29/01/2026;144,482;146,122;1,64;0;0;0;Não;;;https://download.doctorcondo.com.br/uploads2/condos/280/monthly_measurement/photo/944072/photo-97f89c3a.jpg
A;1006;Água Quente;02/2026;29/01/2026;2,072;5,519;3,447;0;0;0;Não;;;https://download.doctorcondo.com.br/uploads2/condos/280/monthly_measurement/photo/944075/photo-6891c63b.jpg
A;1007;Água Quente;02/2026;29/01/2026;221,726;226,019;4,293;0;0;0;Não;;;https://download.doctorcondo.com.br/uploads2/condos/280/monthly_measurement/photo/944078/photo-e51fbd73.jpg
A;1008;Água Quente;02/2026;29/01/2026;140,391;144,087;3,696;0;0;0;Não;;;https://download.doctorcondo.com.br/uploads2/condos/280/monthly_measurement/photo/944081/photo-5daa7fd2.jpg
A;1009;Água Quente;02/2026;29/01/2026;224,625;225,054;0,429;0;0;0;Não;;;https://download.doctorcondo.com.br/uploads2/condos/280/monthly_measurement/photo/944084/photo-f157f072.jpg
A;1010;Água Quente;02/2026;29/01/2026;179,913;180,985;1,072;0;0;0;Não;;;https://download.doctorcondo.com.br/uploads2/condos/280/monthly_measurement/photo/944087/photo-e9505862.jpg
A;1011;Água Quente;02/2026;29/01/2026;246,499;249,346;2,847;0;0;0;Não;;;https://download.doctorcondo.com.br/uploads2/condos/280/monthly_measurement/photo/944090/photo-8223da81.jpg
A;1012;Água Quente;02/2026;29/01/2026;40,296;40,804;0,508;0;0;0;Não;;;https://download.doctorcondo.com.br/uploads2/condos/280/monthly_measurement/photo/944093/photo-993291c9.jpg
A;1101;Água Quente;02/2026;29/01/2026;345,67;345,67;0;0;0;0;Não;;;https://download.doctorcondo.com.br/uploads2/condos/280/monthly_measurement/photo/944096/photo-c73c66e2.jpg
A;1102;Água Quente;02/2026;29/01/2026;203,778;203,786;0,008;0;0;0;Não;;;https://download.doctorcondo.com.br/uploads2/condos/280/monthly_measurement/photo/944099/photo-252d7c38.jpg
A;1103;Água Quente;02/2026;29/01/2026;157,737;160,924;3,187;0;0;0;Não;;;https://download.doctorcondo.com.br/uploads2/condos/280/monthly_measurement/photo/944102/photo-47e6da1c.jpg
A;1104;Água Quente;02/2026;29/01/2026;140,859;142,655;1,796;0;0;0;Não;;;https://download.doctorcondo.com.br/uploads2/condos/280/monthly_measurement/photo/944105/photo-d114d0cb.jpg
A;1105;Água Quente;02/2026;29/01/2026;34,725;34,825;0,1;0;0;0;Não;;;https://download.doctorcondo.com.br/uploads2/condos/280/monthly_measurement/photo/944108/photo-10689efa.jpg
A;1106;Água Quente;02/2026;29/01/2026;201,447;203,939;2,492;0;0;0;Não;;;https://download.doctorcondo.com.br/uploads2/condos/280/monthly_measurement/photo/944111/photo-6dd4ff6a.jpg
A;1107;Água Quente;02/2026;29/01/2026;201,451;204,557;3,106;0;0;0;Não;;;https://download.doctorcondo.com.br/uploads2/condos/280/monthly_measurement/photo/944114/photo-5c42ed35.jpg
A;1108;Água Quente;02/2026;29/01/2026;344,553;350,297;5,744;0;0;0;Não;;;https://download.doctorcondo.com.br/uploads2/condos/280/monthly_measurement/photo/944117/photo-47d56146.jpg
A;1109;Água Quente;02/2026;29/01/2026;173,222;176,364;3,142;0;0;0;Não;;;https://download.doctorcondo.com.br/uploads2/condos/280/monthly_measurement/photo/944120/photo-581d9f1e.jpg
A;1110;Água Quente;02/2026;29/01/2026;223,302;223,302;0;0;0;0;Não;;;https://download.doctorcondo.com.br/uploads2/condos/280/monthly_measurement/photo/944123/photo-7c8fa58c.jpg
A;1111;Água Quente;02/2026;29/01/2026;33,026;34,278;1,252;0;0;0;Não;;;https://download.doctorcondo.com.br/uploads2/condos/280/monthly_measurement/photo/944126/photo-b8b98ab2.jpg
A;1112;Água Quente;02/2026;29/01/2026;229,324;231,712;2,388;0;0;0;Não;;;https://download.doctorcondo.com.br/uploads2/condos/280/monthly_measurement/photo/944129/photo-67241e71.jpg
A;1201;Água Quente;02/2026;29/01/2026;76,766;78,009;1,243;0;0;0;Não;;;https://download.doctorcondo.com.br/uploads2/condos/280/monthly_measurement/photo/944132/photo-7470d9ab.jpg
A;1202;Água Quente;02/2026;29/01/2026;73,028;76,054;3,026;0;0;0;Não;;;https://download.doctorcondo.com.br/uploads2/condos/280/monthly_measurement/photo/944135/photo-fad1635e.jpg
A;1203;Água Quente;02/2026;29/01/2026;51,618;53,024;1,406;0;0;0;Não;;;https://download.doctorcondo.com.br/uploads2/condos/280/monthly_measurement/photo/944138/photo-b733aaeb.jpg
A;1204;Água Quente;02/2026;29/01/2026;116,566;116,566;0;0;0;0;Não;;;https://download.doctorcondo.com.br/uploads2/condos/280/monthly_measurement/photo/944141/photo-53dcfb7d.jpg
A;1205;Água Quente;02/2026;29/01/2026;160,407;162,921;2,514;0;0;0;Não;;;https://download.doctorcondo.com.br/uploads2/condos/280/monthly_measurement/photo/944144/photo-c2580a0f.jpg
A;1206;Água Quente;02/2026;29/01/2026;126,102;129,64;3,538;0;0;0;Não;;;https://download.doctorcondo.com.br/uploads2/condos/280/monthly_measurement/photo/944147/photo-8751317d.jpg
A;1207;Água Quente;02/2026;29/01/2026;41,147;42,39;1,243;0;0;0;Não;;;https://download.doctorcondo.com.br/uploads2/condos/280/monthly_measurement/photo/944150/photo-23b42f81.jpg
A;1208;Água Quente;02/2026;29/01/2026;131,043;132,382;1,339;0;0;0;Não;;;https://download.doctorcondo.com.br/uploads2/condos/280/monthly_measurement/photo/944153/photo-40230a48.jpg
A;1209;Água Quente;02/2026;29/01/2026;75,454;76,06;0,606;0;0;0;Não;;;https://download.doctorcondo.com.br/uploads2/condos/280/monthly_measurement/photo/944156/photo-cde39003.jpg
A;1210;Água Quente;02/2026;29/01/2026;76,825;77,448;0,623;0;0;0;Não;;;https://download.doctorcondo.com.br/uploads2/condos/280/monthly_measurement/photo/944159/photo-6dd73c7f.jpg
A;1211;Água Quente;02/2026;29/01/2026;114,646;116,027;1,381;0;0;0;Não;;;https://download.doctorcondo.com.br/uploads2/condos/280/monthly_measurement/photo/944162/photo-2f6de811.jpg
A;1212;Água Quente;02/2026;29/01/2026;204,609;208,033;3,424;0;0;0;Não;;;https://download.doctorcondo.com.br/uploads2/condos/280/monthly_measurement/photo/944165/photo-254ae719.jpg
A;1301;Água Quente;02/2026;29/01/2026;2,261;2,325;0,064;0;0;0;Não;;;https://download.doctorcondo.com.br/uploads2/condos/280/monthly_measurement/photo/944168/photo-a4736785.jpg
A;1302;Água Quente;02/2026;29/01/2026;111,327;115,03;3,703;0;0;0;Não;;;https://download.doctorcondo.com.br/uploads2/condos/280/monthly_measurement/photo/944171/photo-73917d6b.jpg
A;1303;Água Quente;02/2026;29/01/2026;121,771;124,802;3,031;0;0;0;Não;;;https://download.doctorcondo.com.br/uploads2/condos/280/monthly_measurement/photo/944174/photo-e41cef65.jpg
A;1304;Água Quente;02/2026;29/01/2026;56,932;56,949;0,017;0;0;0;Não;;;https://download.doctorcondo.com.br/uploads2/condos/280/monthly_measurement/photo/944177/photo-e95a6c81.jpg
A;1305;Água Quente;02/2026;29/01/2026;0,95;0,95;0;0;0;0;Não;;;https://download.doctorcondo.com.br/uploads2/condos/280/monthly_measurement/photo/944180/photo-93fa9af7.jpg
A;1306;Água Quente;02/2026;29/01/2026;93,489;94,768;1,279;0;0;0;Não;;;https://download.doctorcondo.com.br/uploads2/condos/280/monthly_measurement/photo/944183/photo-2e423015.jpg
A;1307;Água Quente;02/2026;29/01/2026;99999,895;99999,895;0;0;0;0;Não;;;https://download.doctorcondo.com.br/uploads2/condos/280/monthly_measurement/photo/944186/photo-b8ed67cd.jpg
A;1308;Água Quente;02/2026;29/01/2026;134,041;134,042;0,001;0;0;0;Não;;;https://download.doctorcondo.com.br/uploads2/condos/280/monthly_measurement/photo/944189/photo-3b5418fd.jpg
A;1309;Água Quente;02/2026;29/01/2026;66,113;67,766;1,653;0;0;0;Não;;;https://download.doctorcondo.com.br/uploads2/condos/280/monthly_measurement/photo/944192/photo-df969505.jpg
A;1310;Água Quente;02/2026;29/01/2026;176,392;179,26;2,868;0;0;0;Não;;;https://download.doctorcondo.com.br/uploads2/condos/280/monthly_measurement/photo/944195/photo-6a8c38de.jpg
A;1311;Água Quente;02/2026;29/01/2026;39,011;39,057;0,046;0;0;0;Não;;;https://download.doctorcondo.com.br/uploads2/condos/280/monthly_measurement/photo/944198/photo-ee514918.jpg
A;1312;Água Quente;02/2026;29/01/2026;279,259;279,259;0;0;0;0;Não;;;https://download.doctorcondo.com.br/uploads2/condos/280/monthly_measurement/photo/944201/photo-311dfd43.jpg
B;201;Água Quente;02/2026;05/02/2026;112,829;115,479;2,65;0;0;0;Não;;;https://download.doctorcondo.com.br/uploads2/condos/280/monthly_measurement/photo/944204/photo-3bbd8015.jpg
B;202;Água Quente;02/2026;05/02/2026;409,846;419,652;9,806;0;0;0;Não;;;https://download.doctorcondo.com.br/uploads2/condos/280/monthly_measurement/photo/944207/photo-423fa07d.jpg
B;203;Água Quente;02/2026;05/02/2026;3,409;6,253;2,844;0;0;0;Não;;;https://download.doctorcondo.com.br/uploads2/condos/280/monthly_measurement/photo/944210/photo-4d4bc5be.jpg
B;204;Água Quente;02/2026;05/02/2026;194,763;198,683;3,92;0;0;0;Não;;;https://download.doctorcondo.com.br/uploads2/condos/280/monthly_measurement/photo/944213/photo-2d3f9e1e.jpg
B;205;Água Quente;02/2026;05/02/2026;20,804;20,804;0;0;0;0;Não;;;https://download.doctorcondo.com.br/uploads2/condos/280/monthly_measurement/photo/944216/photo-c1b31b57.jpg
B;206;Água Quente;02/2026;05/02/2026;126,704;137,616;10,912;0;0;0;Não;;;https://download.doctorcondo.com.br/uploads2/condos/280/monthly_measurement/photo/944219/photo-dc7a05ca.jpg
B;207;Água Quente;02/2026;05/02/2026;81,465;90,028;8,563;0;0;0;Não;;;https://download.doctorcondo.com.br/uploads2/condos/280/monthly_measurement/photo/944222/photo-3dafb94b.jpg
B;208;Água Quente;02/2026;05/02/2026;58,884;59,472;0,588;0;0;0;Não;;;https://download.doctorcondo.com.br/uploads2/condos/280/monthly_measurement/photo/944225/photo-f7248f9c.jpg
B;209;Água Quente;02/2026;05/02/2026;288,45;288,45;0;0;0;0;Não;;;https://download.doctorcondo.com.br/uploads2/condos/280/monthly_measurement/photo/944228/photo-0d83503d.jpg
B;210;Água Quente;02/2026;05/02/2026;0,504;0,505;0,001;0;0;0;Não;;;https://download.doctorcondo.com.br/uploads2/condos/280/monthly_measurement/photo/944231/photo-8b78fd5b.jpg
B;211;Água Quente;02/2026;05/02/2026;46,5;47,31;0,81;0;0;0;Não;;;https://download.doctorcondo.com.br/uploads2/condos/280/monthly_measurement/photo/944234/photo-3887e997.jpg
B;212;Água Quente;02/2026;05/02/2026;36,431;36,432;0,001;0;0;0;Não;;;https://download.doctorcondo.com.br/uploads2/condos/280/monthly_measurement/photo/944237/photo-b4b36372.jpg
B;301;Água Quente;02/2026;05/02/2026;29,793;30,88;1,087;0;0;0;Não;;;https://download.doctorcondo.com.br/uploads2/condos/280/monthly_measurement/photo/944240/photo-0b6a3a27.jpg
B;302;Água Quente;02/2026;05/02/2026;256,594;264,035;7,441;0;0;0;Não;;;https://download.doctorcondo.com.br/uploads2/condos/280/monthly_measurement/photo/944243/photo-2963e61a.jpg
B;303;Água Quente;02/2026;05/02/2026;292,228;302,162;9,934;0;0;0;Não;;;https://download.doctorcondo.com.br/uploads2/condos/280/monthly_measurement/photo/944246/photo-3e25ce0e.jpg
B;304;Água Quente;02/2026;05/02/2026;86,699;90,947;4,248;0;0;0;Não;;;https://download.doctorcondo.com.br/uploads2/condos/280/monthly_measurement/photo/944249/photo-9cc6d8af.jpg
B;305;Água Quente;02/2026;05/02/2026;410,164;421,52;11,356;0;0;0;Não;;;https://download.doctorcondo.com.br/uploads2/condos/280/monthly_measurement/photo/944252/photo-1897311b.jpg
B;306;Água Quente;02/2026;05/02/2026;101,975;113,926;11,951;0;0;0;Não;;;https://download.doctorcondo.com.br/uploads2/condos/280/monthly_measurement/photo/944255/photo-a9e58ee5.jpg
B;307;Água Quente;02/2026;05/02/2026;0,307;0,307;0;0;0;0;Não;;;https://download.doctorcondo.com.br/uploads2/condos/280/monthly_measurement/photo/944258/photo-f956e608.jpg
B;308;Água Quente;02/2026;05/02/2026;5,611;6,38;0,769;0;0;0;Não;;;https://download.doctorcondo.com.br/uploads2/condos/280/monthly_measurement/photo/944261/photo-194eec72.jpg
B;309;Água Quente;02/2026;05/02/2026;108,375;112,827;4,452;0;0;0;Não;;;https://download.doctorcondo.com.br/uploads2/condos/280/monthly_measurement/photo/944264/photo-3c27de99.jpg
B;310;Água Quente;02/2026;05/02/2026;143,001;150,104;7,103;0;0;0;Não;;;https://download.doctorcondo.com.br/uploads2/condos/280/monthly_measurement/photo/944267/photo-d1e8ea7b.jpg
B;311;Água Quente;02/2026;05/02/2026;65,766;70,087;4,321;0;0;0;Não;;;https://download.doctorcondo.com.br/uploads2/condos/280/monthly_measurement/photo/944270/photo-b6169fad.jpg
B;312;Água Quente;02/2026;05/02/2026;3,167;3,167;0;0;0;0;Não;;;https://download.doctorcondo.com.br/uploads2/condos/280/monthly_measurement/photo/944273/photo-b42bffd5.jpg
B;401;Água Quente;02/2026;05/02/2026;137,253;142,277;5,024;0;0;0;Não;;;https://download.doctorcondo.com.br/uploads2/condos/280/monthly_measurement/photo/944276/photo-e55c8895.jpg
B;402;Água Quente;02/2026;05/02/2026;288,417;292,236;3,819;0;0;0;Não;;;https://download.doctorcondo.com.br/uploads2/condos/280/monthly_measurement/photo/944279/photo-f13081e1.jpg
B;403;Água Quente;02/2026;05/02/2026;378,546;388,3;9,754;0;0;0;Não;;;https://download.doctorcondo.com.br/uploads2/condos/280/monthly_measurement/photo/944282/photo-780a7f33.jpg
B;404;Água Quente;02/2026;05/02/2026;260,138;268,899;8,761;0;0;0;Não;;;https://download.doctorcondo.com.br/uploads2/condos/280/monthly_measurement/photo/944285/photo-d92913be.jpg
B;405;Água Quente;02/2026;05/02/2026;30,845;30,845;0;0;0;0;Não;;;https://download.doctorcondo.com.br/uploads2/condos/280/monthly_measurement/photo/944288/photo-8f0c704f.jpg
B;406;Água Quente;02/2026;05/02/2026;0,493;0,493;0;0;0;0;Não;;;https://download.doctorcondo.com.br/uploads2/condos/280/monthly_measurement/photo/944291/photo-9c351530.jpg
B;407;Água Quente;02/2026;05/02/2026;132,329;142,438;10,109;0;0;0;Não;;;https://download.doctorcondo.com.br/uploads2/condos/280/monthly_measurement/photo/944294/photo-1cbbcfdf.jpg
B;408;Água Quente;02/2026;05/02/2026;60,132;62,932;2,8;0;0;0;Não;;;https://download.doctorcondo.com.br/uploads2/condos/280/monthly_measurement/photo/944297/photo-cd2286c3.jpg
B;409;Água Quente;02/2026;05/02/2026;114,045;115,315;1,27;0;0;0;Não;;;https://download.doctorcondo.com.br/uploads2/condos/280/monthly_measurement/photo/944300/photo-449169ec.jpg
B;410;Água Quente;02/2026;05/02/2026;0,613;0,623;0,01;0;0;0;Não;;;https://download.doctorcondo.com.br/uploads2/condos/280/monthly_measurement/photo/944303/photo-271a715e.jpg
B;411;Água Quente;02/2026;05/02/2026;280,912;287,98;7,068;0;0;0;Não;;;https://download.doctorcondo.com.br/uploads2/condos/280/monthly_measurement/photo/944306/photo-ad5e86bb.jpg
B;412;Água Quente;02/2026;05/02/2026;267,989;272,154;4,165;0;0;0;Não;;;https://download.doctorcondo.com.br/uploads2/condos/280/monthly_measurement/photo/944309/photo-ccb3943d.jpg
B;501;Água Quente;02/2026;05/02/2026;139,216;145,465;6,249;0;0;0;Não;;;https://download.doctorcondo.com.br/uploads2/condos/280/monthly_measurement/photo/944312/photo-1f79076c.jpg
B;502;Água Quente;02/2026;05/02/2026;71,984;74,413;2,429;0;0;0;Não;;;https://download.doctorcondo.com.br/uploads2/condos/280/monthly_measurement/photo/944315/photo-ca8cbf9a.jpg
B;503;Água Quente;02/2026;05/02/2026;240,689;245,043;4,354;0;0;0;Não;;;https://download.doctorcondo.com.br/uploads2/condos/280/monthly_measurement/photo/944318/photo-894c6785.jpg
B;504;Água Quente;02/2026;05/02/2026;146,179;152,007;5,828;0;0;0;Não;;;https://download.doctorcondo.com.br/uploads2/condos/280/monthly_measurement/photo/944321/photo-e2e606c5.jpg
B;505;Água Quente;02/2026;05/02/2026;148,11;152,384;4,274;0;0;0;Não;;;https://download.doctorcondo.com.br/uploads2/condos/280/monthly_measurement/photo/944324/photo-ffbbb671.jpg
B;506;Água Quente;02/2026;05/02/2026;135,51;135,51;0;0;0;0;Não;;;https://download.doctorcondo.com.br/uploads2/condos/280/monthly_measurement/photo/944327/photo-95577b5e.jpg
B;507;Água Quente;02/2026;05/02/2026;82,636;84,252;1,616;0;0;0;Não;;;https://download.doctorcondo.com.br/uploads2/condos/280/monthly_measurement/photo/944330/photo-e6854aa5.jpg
B;508;Água Quente;02/2026;05/02/2026;66,805;68,315;1,51;0;0;0;Não;;;https://download.doctorcondo.com.br/uploads2/condos/280/monthly_measurement/photo/944333/photo-b3291d45.jpg
B;509;Água Quente;02/2026;05/02/2026;102,152;108,245;6,093;0;0;0;Não;;;https://download.doctorcondo.com.br/uploads2/condos/280/monthly_measurement/photo/944336/photo-95161ab1.jpg
B;510;Água Quente;02/2026;05/02/2026;250,658;255,219;4,561;0;0;0;Não;;;https://download.doctorcondo.com.br/uploads2/condos/280/monthly_measurement/photo/944339/photo-f463fc1a.jpg
B;511;Água Quente;02/2026;05/02/2026;284,45;288,149;3,699;0;0;0;Não;;;https://download.doctorcondo.com.br/uploads2/condos/280/monthly_measurement/photo/944342/photo-22ceb42a.jpg
B;512;Água Quente;02/2026;05/02/2026;91,746;91,786;0,04;0;0;0;Não;;;https://download.doctorcondo.com.br/uploads2/condos/280/monthly_measurement/photo/944345/photo-475bfacd.jpg
B;601;Água Quente;02/2026;05/02/2026;84,972;91,266;6,294;0;0;0;Não;;;https://download.doctorcondo.com.br/uploads2/condos/280/monthly_measurement/photo/944348/photo-f76de79c.jpg
B;612;Água Quente;02/2026;05/02/2026;178,887;182,81;3,923;0;0;0;Não;;;https://download.doctorcondo.com.br/uploads2/condos/280/monthly_measurement/photo/944351/photo-7a56d156.jpg
B;701;Água Quente;02/2026;05/02/2026;131,672;134,732;3,06;0;0;0;Não;;;https://download.doctorcondo.com.br/uploads2/condos/280/monthly_measurement/photo/944354/photo-c31812de.jpg
B;702;Água Quente;02/2026;05/02/2026;0,343;0,343;0;0;0;0;Não;;;https://download.doctorcondo.com.br/uploads2/condos/280/monthly_measurement/photo/944357/photo-a6099098.jpg
B;703;Água Quente;02/2026;05/02/2026;50,218;51,824;1,606;0;0;0;Não;;;https://download.doctorcondo.com.br/uploads2/condos/280/monthly_measurement/photo/944360/photo-a93a2e30.jpg
B;704;Água Quente;02/2026;05/02/2026;98,764;100,462;1,698;0;0;0;Não;;;https://download.doctorcondo.com.br/uploads2/condos/280/monthly_measurement/photo/944363/photo-4bcdf0d7.jpg
B;705;Água Quente;02/2026;05/02/2026;94,667;97,172;2,505;0;0;0;Não;;;https://download.doctorcondo.com.br/uploads2/condos/280/monthly_measurement/photo/944366/photo-2f0eabc3.jpg
B;706;Água Quente;02/2026;05/02/2026;152,115;155,437;3,322;0;0;0;Não;;;https://download.doctorcondo.com.br/uploads2/condos/280/monthly_measurement/photo/944369/photo-47acc1ad.jpg
B;707;Água Quente;02/2026;05/02/2026;450,659;456,416;5,757;0;0;0;Não;;;https://download.doctorcondo.com.br/uploads2/condos/280/monthly_measurement/photo/944372/photo-27b22c57.jpg
B;708;Água Quente;02/2026;05/02/2026;321,247;327,852;6,605;0;0;0;Não;;;https://download.doctorcondo.com.br/uploads2/condos/280/monthly_measurement/photo/944375/photo-55a79ba8.jpg
B;709;Água Quente;02/2026;05/02/2026;130,008;133,184;3,176;0;0;0;Não;;;https://download.doctorcondo.com.br/uploads2/condos/280/monthly_measurement/photo/944378/photo-e94946eb.jpg
B;710;Água Quente;02/2026;05/02/2026;58,64;58,64;0;0;0;0;Não;;;https://download.doctorcondo.com.br/uploads2/condos/280/monthly_measurement/photo/944381/photo-daaa641a.jpg
B;711;Água Quente;02/2026;05/02/2026;192,006;193,012;1,006;0;0;0;Não;;;https://download.doctorcondo.com.br/uploads2/condos/280/monthly_measurement/photo/944384/photo-a67602b3.jpg
B;712;Água Quente;02/2026;05/02/2026;71,629;72,969;1,34;0;0;0;Não;;;https://download.doctorcondo.com.br/uploads2/condos/280/monthly_measurement/photo/944387/photo-befcc0e5.jpg
B;801;Água Quente;02/2026;05/02/2026;19,262;19,325;0,063;0;0;0;Não;;;https://download.doctorcondo.com.br/uploads2/condos/280/monthly_measurement/photo/944390/photo-0897676d.jpg
B;802;Água Quente;02/2026;05/02/2026;263,645;266,752;3,107;0;0;0;Não;;;https://download.doctorcondo.com.br/uploads2/condos/280/monthly_measurement/photo/944393/photo-99228d2f.jpg
B;803;Água Quente;02/2026;05/02/2026;120,448;122,537;2,089;0;0;0;Não;;;https://download.doctorcondo.com.br/uploads2/condos/280/monthly_measurement/photo/944396/photo-53e2707c.jpg
B;804;Água Quente;02/2026;05/02/2026;262,505;264,464;1,959;0;0;0;Não;;;https://download.doctorcondo.com.br/uploads2/condos/280/monthly_measurement/photo/944399/photo-39593842.jpg
B;805;Água Quente;02/2026;05/02/2026;207,729;212,522;4,793;0;0;0;Não;;;https://download.doctorcondo.com.br/uploads2/condos/280/monthly_measurement/photo/944402/photo-d9520b47.jpg
B;806;Água Quente;02/2026;05/02/2026;275,394;277,952;2,558;0;0;0;Não;;;https://download.doctorcondo.com.br/uploads2/condos/280/monthly_measurement/photo/944405/photo-2c3a207b.jpg
B;807;Água Quente;02/2026;05/02/2026;78,77;81,742;2,972;0;0;0;Não;;;https://download.doctorcondo.com.br/uploads2/condos/280/monthly_measurement/photo/944408/photo-3e2f2321.jpg
B;808;Água Quente;02/2026;05/02/2026;150,354;152,453;2,099;0;0;0;Não;;;https://download.doctorcondo.com.br/uploads2/condos/280/monthly_measurement/photo/944411/photo-b2ae0d0c.jpg
B;809;Água Quente;02/2026;05/02/2026;92,942;97,022;4,08;0;0;0;Não;;;https://download.doctorcondo.com.br/uploads2/condos/280/monthly_measurement/photo/944414/photo-76565776.jpg
B;810;Água Quente;02/2026;05/02/2026;125,239;129,128;3,889;0;0;0;Não;;;https://download.doctorcondo.com.br/uploads2/condos/280/monthly_measurement/photo/944417/photo-8a7b98ff.jpg
B;811;Água Quente;02/2026;05/02/2026;98,968;104,097;5,129;0;0;0;Não;;;https://download.doctorcondo.com.br/uploads2/condos/280/monthly_measurement/photo/944420/photo-cbe48a48.jpg
B;812;Água Quente;02/2026;05/02/2026;158,627;160,867;2,24;0;0;0;Não;;;https://download.doctorcondo.com.br/uploads2/condos/280/monthly_measurement/photo/944423/photo-f6081a1b.jpg
B;901;Água Quente;02/2026;05/02/2026;52,213;55,223;3,01;0;0;0;Não;;;https://download.doctorcondo.com.br/uploads2/condos/280/monthly_measurement/photo/944426/photo-ff96a0f2.jpg
B;902;Água Quente;02/2026;05/02/2026;231,278;235,339;4,061;0;0;0;Não;;;https://download.doctorcondo.com.br/uploads2/condos/280/monthly_measurement/photo/944429/photo-d41bb538.jpg
B;903;Água Quente;02/2026;05/02/2026;258,8;261,661;2,861;0;0;0;Não;;;https://download.doctorcondo.com.br/uploads2/condos/280/monthly_measurement/photo/944432/photo-e0e12bf3.jpg
B;904;Água Quente;02/2026;05/02/2026;152,375;152,386;0,011;0;0;0;Não;;;https://download.doctorcondo.com.br/uploads2/condos/280/monthly_measurement/photo/944435/photo-6449117b.jpg
B;905;Água Quente;02/2026;05/02/2026;223,085;227,437;4,352;0;0;0;Não;;;https://download.doctorcondo.com.br/uploads2/condos/280/monthly_measurement/photo/944438/photo-abedb4df.jpg
B;906;Água Quente;02/2026;05/02/2026;91,297;93,628;2,331;0;0;0;Não;;;https://download.doctorcondo.com.br/uploads2/condos/280/monthly_measurement/photo/944441/photo-48ea703c.jpg
B;907;Água Quente;02/2026;05/02/2026;311,727;315,52;3,793;0;0;0;Não;;;https://download.doctorcondo.com.br/uploads2/condos/280/monthly_measurement/photo/944444/photo-add0318f.jpg
B;908;Água Quente;02/2026;05/02/2026;145,72;149,275;3,555;0;0;0;Não;;;https://download.doctorcondo.com.br/uploads2/condos/280/monthly_measurement/photo/944447/photo-9328408c.jpg
B;909;Água Quente;02/2026;05/02/2026;122,531;128,921;6,39;0;0;0;Não;;;https://download.doctorcondo.com.br/uploads2/condos/280/monthly_measurement/photo/944450/photo-681f08d9.jpg
B;910;Água Quente;02/2026;05/02/2026;149,176;152,898;3,722;0;0;0;Não;;;https://download.doctorcondo.com.br/uploads2/condos/280/monthly_measurement/photo/944453/photo-7e393f0e.jpg
B;911;Água Quente;02/2026;05/02/2026;56,891;57,067;0,176;0;0;0;Não;;;https://download.doctorcondo.com.br/uploads2/condos/280/monthly_measurement/photo/944456/photo-b6519c12.jpg
B;912;Água Quente;02/2026;05/02/2026;157,906;160,954;3,048;0;0;0;Não;;;https://download.doctorcondo.com.br/uploads2/condos/280/monthly_measurement/photo/944459/photo-eaa2f71a.jpg
B;1001;Água Quente;02/2026;05/02/2026;196,611;198,147;1,536;0;0;0;Não;;;https://download.doctorcondo.com.br/uploads2/condos/280/monthly_measurement/photo/944462/photo-8d1ff313.jpg
B;1002;Água Quente;02/2026;05/02/2026;29,967;30,113;0,146;0;0;0;Não;;;https://download.doctorcondo.com.br/uploads2/condos/280/monthly_measurement/photo/944465/photo-becfda0c.jpg
B;1003;Água Quente;02/2026;05/02/2026;276,891;283,563;6,672;0;0;0;Não;;;https://download.doctorcondo.com.br/uploads2/condos/280/monthly_measurement/photo/944468/photo-0884e45e.jpg
B;1004;Água Quente;02/2026;05/02/2026;176,445;178,954;2,509;0;0;0;Não;;;https://download.doctorcondo.com.br/uploads2/condos/280/monthly_measurement/photo/944471/photo-42ddcee5.jpg
B;1005;Água Quente;02/2026;05/02/2026;101,803;107,207;5,404;0;0;0;Não;;;https://download.doctorcondo.com.br/uploads2/condos/280/monthly_measurement/photo/944474/photo-6dc27e90.jpg
B;1006;Água Quente;02/2026;05/02/2026;390,201;399,227;9,026;0;0;0;Não;;;https://download.doctorcondo.com.br/uploads2/condos/280/monthly_measurement/photo/944477/photo-42c26ac7.jpg
B;1007;Água Quente;02/2026;05/02/2026;158,081;162,886;4,805;0;0;0;Não;;;https://download.doctorcondo.com.br/uploads2/condos/280/monthly_measurement/photo/944480/photo-bb35cc25.jpg
B;1008;Água Quente;02/2026;05/02/2026;237,735;243,791;6,056;0;0;0;Não;;;https://download.doctorcondo.com.br/uploads2/condos/280/monthly_measurement/photo/944483/photo-a5f13cb0.jpg
B;1009;Água Quente;02/2026;05/02/2026;37,421;38,796;1,375;0;0;0;Não;;;https://download.doctorcondo.com.br/uploads2/condos/280/monthly_measurement/photo/944486/photo-b2d69193.jpg
B;1010;Água Quente;02/2026;05/02/2026;304,229;309,006;4,777;0;0;0;Não;;;https://download.doctorcondo.com.br/uploads2/condos/280/monthly_measurement/photo/944489/photo-6bf52f2d.jpg
B;1011;Água Quente;02/2026;05/02/2026;52,163;55,561;3,398;0;0;0;Não;;;https://download.doctorcondo.com.br/uploads2/condos/280/monthly_measurement/photo/944492/photo-177694f9.jpg
B;1012;Água Quente;02/2026;05/02/2026;127,747;130,531;2,784;0;0;0;Não;;;https://download.doctorcondo.com.br/uploads2/condos/280/monthly_measurement/photo/944495/photo-0b9204f0.jpg
B;1101;Água Quente;02/2026;05/02/2026;84,257;86,409;2,152;0;0;0;Não;;;https://download.doctorcondo.com.br/uploads2/condos/280/monthly_measurement/photo/944498/photo-a08a46a7.jpg
B;1102;Água Quente;02/2026;05/02/2026;86,186;91,04;4,854;0;0;0;Não;;;https://download.doctorcondo.com.br/uploads2/condos/280/monthly_measurement/photo/944501/photo-6e03ffe2.jpg
B;1103;Água Quente;02/2026;05/02/2026;315,724;325,606;9,882;0;0;0;Não;;;https://download.doctorcondo.com.br/uploads2/condos/280/monthly_measurement/photo/944504/photo-185e3cb9.jpg
B;1104;Água Quente;02/2026;05/02/2026;179,641;179,642;0,001;0;0;0;Não;;;https://download.doctorcondo.com.br/uploads2/condos/280/monthly_measurement/photo/944507/photo-fbf5905c.jpg
B;1105;Água Quente;02/2026;05/02/2026;70,261;74,741;4,48;0;0;0;Não;;;https://download.doctorcondo.com.br/uploads2/condos/280/monthly_measurement/photo/944510/photo-140badd5.jpg
B;1106;Água Quente;02/2026;05/02/2026;2,219;2,231;0,012;0;0;0;Não;;;https://download.doctorcondo.com.br/uploads2/condos/280/monthly_measurement/photo/944513/photo-c6270d3d.jpg
B;1107;Água Quente;02/2026;05/02/2026;112,954;113,198;0,244;0;0;0;Não;;;https://download.doctorcondo.com.br/uploads2/condos/280/monthly_measurement/photo/944516/photo-1d38e6aa.jpg
B;1108;Água Quente;02/2026;05/02/2026;82,635;84,192;1,557;0;0;0;Não;;;https://download.doctorcondo.com.br/uploads2/condos/280/monthly_measurement/photo/944519/photo-b232205d.jpg
B;1109;Água Quente;02/2026;05/02/2026;209,544;216,853;7,309;0;0;0;Não;;;https://download.doctorcondo.com.br/uploads2/condos/280/monthly_measurement/photo/944522/photo-106facd0.jpg
B;1110;Água Quente;02/2026;05/02/2026;224,18;227,428;3,248;0;0;0;Não;;;https://download.doctorcondo.com.br/uploads2/condos/280/monthly_measurement/photo/944525/photo-0246f14c.jpg
B;1111;Água Quente;02/2026;05/02/2026;20,07;20,632;0,562;0;0;0;Não;;;https://download.doctorcondo.com.br/uploads2/condos/280/monthly_measurement/photo/944528/photo-05240635.jpg
B;1112;Água Quente;02/2026;05/02/2026;125,614;127,689;2,075;0;0;0;Não;;;https://download.doctorcondo.com.br/uploads2/condos/280/monthly_measurement/photo/944531/photo-9d5a8662.jpg
B;1201;Água Quente;02/2026;05/02/2026;63,467;65,314;1,847;0;0;0;Não;;;https://download.doctorcondo.com.br/uploads2/condos/280/monthly_measurement/photo/944534/photo-2df8fb78.jpg
B;1202;Água Quente;02/2026;05/02/2026;197,247;200,739;3,492;0;0;0;Não;;;https://download.doctorcondo.com.br/uploads2/condos/280/monthly_measurement/photo/944537/photo-3bdd5615.jpg
B;1203;Água Quente;02/2026;05/02/2026;106,775;109,586;2,811;0;0;0;Não;;;https://download.doctorcondo.com.br/uploads2/condos/280/monthly_measurement/photo/944540/photo-3044bafc.jpg
B;1204;Água Quente;02/2026;05/02/2026;76,03;76,823;0,793;0;0;0;Não;;;https://download.doctorcondo.com.br/uploads2/condos/280/monthly_measurement/photo/944543/photo-44992a25.jpg
B;1205;Água Quente;02/2026;05/02/2026;236,285;241,772;5,487;0;0;0;Não;;;https://download.doctorcondo.com.br/uploads2/condos/280/monthly_measurement/photo/944546/photo-f0c9ff29.jpg
B;1206;Água Quente;02/2026;05/02/2026;58,291;62,865;4,574;0;0;0;Não;;;https://download.doctorcondo.com.br/uploads2/condos/280/monthly_measurement/photo/944549/photo-384ee269.jpg
B;1207;Água Quente;02/2026;05/02/2026;118,829;122,343;3,514;0;0;0;Não;;;https://download.doctorcondo.com.br/uploads2/condos/280/monthly_measurement/photo/944552/photo-d46c5ded.jpg
B;1208;Água Quente;02/2026;05/02/2026;99,904;104,07;4,166;0;0;0;Não;;;https://download.doctorcondo.com.br/uploads2/condos/280/monthly_measurement/photo/944555/photo-eff56688.jpg
B;1209;Água Quente;02/2026;05/02/2026;269,968;275,304;5,336;0;0;0;Não;;;https://download.doctorcondo.com.br/uploads2/condos/280/monthly_measurement/photo/944558/photo-4972523f.jpg
B;1210;Água Quente;02/2026;05/02/2026;317,96;323,016;5,056;0;0;0;Não;;;https://download.doctorcondo.com.br/uploads2/condos/280/monthly_measurement/photo/944561/photo-888462ff.jpg
B;1211;Água Quente;02/2026;05/02/2026;127,446;131,946;4,5;0;0;0;Não;;;https://download.doctorcondo.com.br/uploads2/condos/280/monthly_measurement/photo/944564/photo-85568ee9.jpg
B;1212;Água Quente;02/2026;05/02/2026;158,535;159,825;1,29;0;0;0;Não;;;https://download.doctorcondo.com.br/uploads2/condos/280/monthly_measurement/photo/944567/photo-4de7e5f6.jpg
B;1301;Água Quente;02/2026;05/02/2026;167,345;169,815;2,47;0;0;0;Não;;;https://download.doctorcondo.com.br/uploads2/condos/280/monthly_measurement/photo/944570/photo-c90c1e1f.jpg
B;1302;Água Quente;02/2026;05/02/2026;127,017;132,502;5,485;0;0;0;Não;;;https://download.doctorcondo.com.br/uploads2/condos/280/monthly_measurement/photo/944573/photo-5adeda9e.jpg
B;1303;Água Quente;02/2026;05/02/2026;71,687;72,346;0,659;0;0;0;Não;;;https://download.doctorcondo.com.br/uploads2/condos/280/monthly_measurement/photo/944576/photo-76c86e9e.jpg
B;1304;Água Quente;02/2026;05/02/2026;428,371;428,391;0,02;0;0;0;Não;;;https://download.doctorcondo.com.br/uploads2/condos/280/monthly_measurement/photo/944579/photo-02f1f0ee.jpg
B;1305;Água Quente;02/2026;05/02/2026;41,196;43,644;2,448;0;0;0;Não;;;https://download.doctorcondo.com.br/uploads2/condos/280/monthly_measurement/photo/944582/photo-98c42bab.jpg
B;1306;Água Quente;02/2026;05/02/2026;293,907;295,817;1,91;0;0;0;Não;;;https://download.doctorcondo.com.br/uploads2/condos/280/monthly_measurement/photo/944585/photo-367f1afb.jpg
B;1307;Água Quente;02/2026;05/02/2026;131,391;135,623;4,232;0;0;0;Não;;;https://download.doctorcondo.com.br/uploads2/condos/280/monthly_measurement/photo/944588/photo-c2df334d.jpg
B;1308;Água Quente;02/2026;05/02/2026;140,459;143,414;2,955;0;0;0;Não;;;https://download.doctorcondo.com.br/uploads2/condos/280/monthly_measurement/photo/944591/photo-d100aa2c.jpg
B;1309;Água Quente;02/2026;05/02/2026;53,396;53,718;0,322;0;0;0;Não;;;https://download.doctorcondo.com.br/uploads2/condos/280/monthly_measurement/photo/944594/photo-0e86f002.jpg
B;1310;Água Quente;02/2026;05/02/2026;87,047;87,049;0,002;0;0;0;Não;;;https://download.doctorcondo.com.br/uploads2/condos/280/monthly_measurement/photo/944597/photo-1b873b93.jpg
B;1311;Água Quente;02/2026;05/02/2026;116,304;118,928;2,624;0;0;0;Não;;;https://download.doctorcondo.com.br/uploads2/condos/280/monthly_measurement/photo/944600/photo-65494ccd.jpg
B;1312;Água Quente;02/2026;05/02/2026;98,753;100,489;1,736;0;0;0;Não;;;https://download.doctorcondo.com.br/uploads2/condos/280/monthly_measurement/photo/944603/photo-c6dd6d1b.jpg
C;201;Água Quente;02/2026;30/01/2026;191,721;198,718;6,997;0;0;0;Não;;;https://download.doctorcondo.com.br/uploads2/condos/280/monthly_measurement/photo/944606/photo-48a207b2.jpg
C;202;Água Quente;02/2026;30/01/2026;407,029;412,6;5,571;0;0;0;Não;;;https://download.doctorcondo.com.br/uploads2/condos/280/monthly_measurement/photo/944609/photo-f730cf49.jpg
C;203;Água Quente;02/2026;30/01/2026;72,398;74,423;2,025;0;0;0;Não;;;https://download.doctorcondo.com.br/uploads2/condos/280/monthly_measurement/photo/944612/photo-76042d4c.jpg
C;204;Água Quente;02/2026;30/01/2026;267,744;271,921;4,177;0;0;0;Não;;;https://download.doctorcondo.com.br/uploads2/condos/280/monthly_measurement/photo/944615/photo-ba8d6d64.jpg
C;205;Água Quente;02/2026;30/01/2026;150,812;151,088;0,276;0;0;0;Não;;;https://download.doctorcondo.com.br/uploads2/condos/280/monthly_measurement/photo/944618/photo-0da9859b.jpg
C;206;Água Quente;02/2026;30/01/2026;4,541;9,189;4,648;0;0;0;Não;;;https://download.doctorcondo.com.br/uploads2/condos/280/monthly_measurement/photo/944621/photo-63aab163.jpg
C;207;Água Quente;02/2026;30/01/2026;132,202;133,852;1,65;0;0;0;Não;;;https://download.doctorcondo.com.br/uploads2/condos/280/monthly_measurement/photo/944624/photo-75e85cfb.jpg
C;208;Água Quente;02/2026;30/01/2026;114,007;119,151;5,144;0;0;0;Não;;;https://download.doctorcondo.com.br/uploads2/condos/280/monthly_measurement/photo/944627/photo-fac96c40.jpg
C;209;Água Quente;02/2026;30/01/2026;76,951;77,56;0,609;0;0;0;Não;;;https://download.doctorcondo.com.br/uploads2/condos/280/monthly_measurement/photo/944630/photo-903a9f30.jpg
C;210;Água Quente;02/2026;30/01/2026;1,203;1,203;0;0;0;0;Não;;;https://download.doctorcondo.com.br/uploads2/condos/280/monthly_measurement/photo/944633/photo-50d64c09.jpg
C;211;Água Quente;02/2026;30/01/2026;0,774;0,774;0;0;0;0;Não;;;https://download.doctorcondo.com.br/uploads2/condos/280/monthly_measurement/photo/944636/photo-e5796e5b.jpg
C;212;Água Quente;02/2026;30/01/2026;285,886;292,783;6,897;0;0;0;Não;;;https://download.doctorcondo.com.br/uploads2/condos/280/monthly_measurement/photo/944639/photo-642bf502.jpg
C;301;Água Quente;02/2026;30/01/2026;350,569;354,895;4,326;0;0;0;Não;;;https://download.doctorcondo.com.br/uploads2/condos/280/monthly_measurement/photo/944642/photo-06b7045c.jpg
C;302;Água Quente;02/2026;30/01/2026;38,663;39,562;0,899;0;0;0;Não;;;https://download.doctorcondo.com.br/uploads2/condos/280/monthly_measurement/photo/944645/photo-a895c9e9.jpg
C;303;Água Quente;02/2026;30/01/2026;118,666;122,839;4,173;0;0;0;Não;;;https://download.doctorcondo.com.br/uploads2/condos/280/monthly_measurement/photo/944648/photo-7348a5be.jpg
C;304;Água Quente;02/2026;30/01/2026;105,429;108,11;2,681;0;0;0;Não;;;https://download.doctorcondo.com.br/uploads2/condos/280/monthly_measurement/photo/944651/photo-300f8a65.jpg
C;305;Água Quente;02/2026;30/01/2026;95,258;96,963;1,705;0;0;0;Não;;;https://download.doctorcondo.com.br/uploads2/condos/280/monthly_measurement/photo/944654/photo-22eb87e9.jpg
C;306;Água Quente;02/2026;30/01/2026;109,31;111,499;2,189;0;0;0;Não;;;https://download.doctorcondo.com.br/uploads2/condos/280/monthly_measurement/photo/944657/photo-128b334e.jpg
C;307;Água Quente;02/2026;30/01/2026;295,775;294,146;-1,629;0;0;0;Não;;;https://download.doctorcondo.com.br/uploads2/condos/280/monthly_measurement/photo/944660/photo-16d952c0.jpg
C;308;Água Quente;02/2026;30/01/2026;137,367;138,979;1,612;0;0;0;Não;;;https://download.doctorcondo.com.br/uploads2/condos/280/monthly_measurement/photo/944663/photo-1fc81229.jpg
C;309;Água Quente;02/2026;30/01/2026;182,709;186,311;3,602;0;0;0;Não;;;https://download.doctorcondo.com.br/uploads2/condos/280/monthly_measurement/photo/944666/photo-37e478d7.jpg
C;310;Água Quente;02/2026;30/01/2026;353,686;358,65;4,964;0;0;0;Não;;;https://download.doctorcondo.com.br/uploads2/condos/280/monthly_measurement/photo/944669/photo-93de41f0.jpg
C;311;Água Quente;02/2026;30/01/2026;425,069;433,999;8,93;0;0;0;Não;;;https://download.doctorcondo.com.br/uploads2/condos/280/monthly_measurement/photo/944672/photo-e913385c.jpg
C;312;Água Quente;02/2026;30/01/2026;138,223;140,646;2,423;0;0;0;Não;;;https://download.doctorcondo.com.br/uploads2/condos/280/monthly_measurement/photo/944675/photo-c11fde5f.jpg
C;401;Água Quente;02/2026;30/01/2026;161,444;165,732;4,288;0;0;0;Não;;;https://download.doctorcondo.com.br/uploads2/condos/280/monthly_measurement/photo/944678/photo-28f9a132.jpg
C;402;Água Quente;02/2026;30/01/2026;94,268;98,719;4,451;0;0;0;Não;;;https://download.doctorcondo.com.br/uploads2/condos/280/monthly_measurement/photo/944681/photo-06894999.jpg
C;403;Água Quente;02/2026;30/01/2026;345,194;348,199;3,005;0;0;0;Não;;;https://download.doctorcondo.com.br/uploads2/condos/280/monthly_measurement/photo/944684/photo-3c53ee4d.jpg
C;404;Água Quente;02/2026;30/01/2026;109,35;111,07;1,72;0;0;0;Não;;;https://download.doctorcondo.com.br/uploads2/condos/280/monthly_measurement/photo/944687/photo-2b294246.jpg
C;405;Água Quente;02/2026;30/01/2026;62,667;63,728;1,061;0;0;0;Não;;;https://download.doctorcondo.com.br/uploads2/condos/280/monthly_measurement/photo/944690/photo-07b08fdc.jpg
C;406;Água Quente;02/2026;30/01/2026;339,603;344,075;4,472;0;0;0;Não;;;https://download.doctorcondo.com.br/uploads2/condos/280/monthly_measurement/photo/944693/photo-0499095f.jpg
C;407;Água Quente;02/2026;30/01/2026;599,685;603,455;3,77;0;0;0;Não;;;https://download.doctorcondo.com.br/uploads2/condos/280/monthly_measurement/photo/944696/photo-ade64ec9.jpg
C;408;Água Quente;02/2026;30/01/2026;184,873;187,255;2,382;0;0;0;Não;;;https://download.doctorcondo.com.br/uploads2/condos/280/monthly_measurement/photo/944699/photo-edda79dd.jpg
C;409;Água Quente;02/2026;30/01/2026;94,766;97,242;2,476;0;0;0;Não;;;https://download.doctorcondo.com.br/uploads2/condos/280/monthly_measurement/photo/944702/photo-81acbeb7.jpg
C;410;Água Quente;02/2026;30/01/2026;0,523;0,523;0;0;0;0;Não;;;https://download.doctorcondo.com.br/uploads2/condos/280/monthly_measurement/photo/944705/photo-1d162cca.jpg
C;411;Água Quente;02/2026;30/01/2026;86,014;88,781;2,767;0;0;0;Não;;;https://download.doctorcondo.com.br/uploads2/condos/280/monthly_measurement/photo/944708/photo-46fc5d8a.jpg
C;412;Água Quente;02/2026;30/01/2026;0,172;0,172;0;0;0;0;Não;;;https://download.doctorcondo.com.br/uploads2/condos/280/monthly_measurement/photo/944711/photo-3539044b.jpg
C;501;Água Quente;02/2026;30/01/2026;450,347;452,629;2,282;0;0;0;Não;;;https://download.doctorcondo.com.br/uploads2/condos/280/monthly_measurement/photo/944714/photo-e052acb6.jpg
C;502;Água Quente;02/2026;30/01/2026;463,918;467,823;3,905;0;0;0;Não;;;https://download.doctorcondo.com.br/uploads2/condos/280/monthly_measurement/photo/944717/photo-4867d0e9.jpg
C;503;Água Quente;02/2026;30/01/2026;26,622;29,182;2,56;0;0;0;Não;;;https://download.doctorcondo.com.br/uploads2/condos/280/monthly_measurement/photo/944720/photo-33fbf5ed.jpg
C;504;Água Quente;02/2026;30/01/2026;119,824;121,739;1,915;0;0;0;Não;;;https://download.doctorcondo.com.br/uploads2/condos/280/monthly_measurement/photo/944723/photo-3ca53938.jpg
C;505;Água Quente;02/2026;30/01/2026;302,56;305,445;2,885;0;0;0;Não;;;https://download.doctorcondo.com.br/uploads2/condos/280/monthly_measurement/photo/944726/photo-0b9e424e.jpg
C;506;Água Quente;02/2026;30/01/2026;363,6;370,669;7,069;0;0;0;Não;;;https://download.doctorcondo.com.br/uploads2/condos/280/monthly_measurement/photo/944729/photo-746fd7e9.jpg
C;507;Água Quente;02/2026;30/01/2026;362,037;364,79;2,753;0;0;0;Não;;;https://download.doctorcondo.com.br/uploads2/condos/280/monthly_measurement/photo/944732/photo-bf60fe37.jpg
C;508;Água Quente;02/2026;30/01/2026;200,517;201,073;0,556;0;0;0;Não;;;https://download.doctorcondo.com.br/uploads2/condos/280/monthly_measurement/photo/944735/photo-8b9d1ec6.jpg
C;509;Água Quente;02/2026;30/01/2026;323,717;330,498;6,781;0;0;0;Não;;;https://download.doctorcondo.com.br/uploads2/condos/280/monthly_measurement/photo/944738/photo-c9cf30b8.jpg
C;510;Água Quente;02/2026;30/01/2026;0,811;0,811;0;0;0;0;Não;;;https://download.doctorcondo.com.br/uploads2/condos/280/monthly_measurement/photo/944741/photo-7db90298.jpg
C;511;Água Quente;02/2026;30/01/2026;42,636;44,089;1,453;0;0;0;Não;;;https://download.doctorcondo.com.br/uploads2/condos/280/monthly_measurement/photo/944744/photo-3c6935d3.jpg
C;512;Água Quente;02/2026;30/01/2026;137,102;137,102;0;0;0;0;Não;;;https://download.doctorcondo.com.br/uploads2/condos/280/monthly_measurement/photo/944747/photo-c231c6fb.jpg
C;601;Água Quente;02/2026;30/01/2026;19,179;20,23;1,051;0;0;0;Não;;;https://download.doctorcondo.com.br/uploads2/condos/280/monthly_measurement/photo/944750/photo-a96eb20b.jpg
C;612;Água Quente;02/2026;30/01/2026;219,276;221,902;2,626;0;0;0;Não;;;https://download.doctorcondo.com.br/uploads2/condos/280/monthly_measurement/photo/944753/photo-27e88d18.jpg
C;701;Água Quente;02/2026;05/02/2026;190,048;190,502;0,454;0;0;0;Não;;;https://download.doctorcondo.com.br/uploads2/condos/280/monthly_measurement/photo/944756/photo-209f0147.jpg
C;702;Água Quente;02/2026;05/02/2026;127,013;159,365;32,352;0;0;0;Não;;;https://download.doctorcondo.com.br/uploads2/condos/280/monthly_measurement/photo/944759/photo-6c167b97.jpg
C;703;Água Quente;02/2026;05/02/2026;159,021;161,948;2,927;0;0;0;Não;;;https://download.doctorcondo.com.br/uploads2/condos/280/monthly_measurement/photo/944762/photo-b88a5b48.jpg
C;704;Água Quente;02/2026;05/02/2026;50,919;50,919;0;0;0;0;Não;;;https://download.doctorcondo.com.br/uploads2/condos/280/monthly_measurement/photo/944765/photo-98ffd52a.jpg
C;705;Água Quente;02/2026;05/02/2026;141,861;141,861;0;0;0;0;Não;;;https://download.doctorcondo.com.br/uploads2/condos/280/monthly_measurement/photo/944768/photo-a44222ba.jpg
C;706;Água Quente;02/2026;05/02/2026;422,611;426,051;3,44;0;0;0;Não;;;https://download.doctorcondo.com.br/uploads2/condos/280/monthly_measurement/photo/944771/photo-3c9fb2c7.jpg
C;707;Água Quente;02/2026;05/02/2026;272,915;273,798;0,883;0;0;0;Não;;;https://download.doctorcondo.com.br/uploads2/condos/280/monthly_measurement/photo/944774/photo-9074caed.jpg
C;708;Água Quente;02/2026;05/02/2026;189,576;195,226;5,65;0;0;0;Não;;;https://download.doctorcondo.com.br/uploads2/condos/280/monthly_measurement/photo/944777/photo-b14e30aa.jpg
C;709;Água Quente;02/2026;05/02/2026;141,415;143,098;1,683;0;0;0;Não;;;https://download.doctorcondo.com.br/uploads2/condos/280/monthly_measurement/photo/944780/photo-e4afbf93.jpg
C;710;Água Quente;02/2026;05/02/2026;132,552;132,921;0,369;0;0;0;Não;;;https://download.doctorcondo.com.br/uploads2/condos/280/monthly_measurement/photo/944783/photo-e3886102.jpg
C;711;Água Quente;02/2026;05/02/2026;0,714;0,714;0;0;0;0;Não;;;https://download.doctorcondo.com.br/uploads2/condos/280/monthly_measurement/photo/944786/photo-aa4fa724.jpg
C;712;Água Quente;02/2026;05/02/2026;0,279;0,279;0;0;0;0;Não;;;https://download.doctorcondo.com.br/uploads2/condos/280/monthly_measurement/photo/944789/photo-82fc7f00.jpg
C;801;Água Quente;02/2026;05/02/2026;46,232;46,245;0,013;0;0;0;Não;;;https://download.doctorcondo.com.br/uploads2/condos/280/monthly_measurement/photo/944792/photo-5ed8ee7a.jpg
C;802;Água Quente;02/2026;05/02/2026;414,223;422,898;8,675;0;0;0;Não;;;https://download.doctorcondo.com.br/uploads2/condos/280/monthly_measurement/photo/944795/photo-52082243.jpg
C;803;Água Quente;02/2026;05/02/2026;159,011;161,648;2,637;0;0;0;Não;;;https://download.doctorcondo.com.br/uploads2/condos/280/monthly_measurement/photo/944798/photo-e44db796.jpg
C;804;Água Quente;02/2026;05/02/2026;37,923;37,923;0;0;0;0;Não;;;https://download.doctorcondo.com.br/uploads2/condos/280/monthly_measurement/photo/944801/photo-725d7d72.jpg
C;805;Água Quente;02/2026;05/02/2026;42,004;43,276;1,272;0;0;0;Não;;;https://download.doctorcondo.com.br/uploads2/condos/280/monthly_measurement/photo/944804/photo-b23bea83.jpg
C;806;Água Quente;02/2026;05/02/2026;397,27;405,955;8,685;0;0;0;Não;;;https://download.doctorcondo.com.br/uploads2/condos/280/monthly_measurement/photo/944807/photo-863ee7b8.jpg
C;807;Água Quente;02/2026;05/02/2026;346,735;352,001;5,266;0;0;0;Não;;;https://download.doctorcondo.com.br/uploads2/condos/280/monthly_measurement/photo/944810/photo-39e8783b.jpg
C;808;Água Quente;02/2026;05/02/2026;81,058;81,821;0,763;0;0;0;Não;;;https://download.doctorcondo.com.br/uploads2/condos/280/monthly_measurement/photo/944813/photo-f3487cc7.jpg
C;809;Água Quente;02/2026;05/02/2026;170,992;175,327;4,335;0;0;0;Não;;;https://download.doctorcondo.com.br/uploads2/condos/280/monthly_measurement/photo/944816/photo-4b7b96c1.jpg
C;810;Água Quente;02/2026;05/02/2026;298,794;307,821;9,027;0;0;0;Não;;;https://download.doctorcondo.com.br/uploads2/condos/280/monthly_measurement/photo/944819/photo-0c06bdff.jpg
C;811;Água Quente;02/2026;05/02/2026;375,566;381,161;5,595;0;0;0;Não;;;https://download.doctorcondo.com.br/uploads2/condos/280/monthly_measurement/photo/944822/photo-9512bef0.jpg
C;812;Água Quente;02/2026;05/02/2026;207,251;210,348;3,097;0;0;0;Não;;;https://download.doctorcondo.com.br/uploads2/condos/280/monthly_measurement/photo/944825/photo-69b98b6c.jpg
C;901;Água Quente;02/2026;05/02/2026;106,749;109,31;2,561;0;0;0;Não;;;https://download.doctorcondo.com.br/uploads2/condos/280/monthly_measurement/photo/944828/photo-5f5edd7e.jpg
C;902;Água Quente;02/2026;05/02/2026;93,484;99,996;6,512;0;0;0;Não;;;https://download.doctorcondo.com.br/uploads2/condos/280/monthly_measurement/photo/944831/photo-0d48f059.jpg
C;903;Água Quente;02/2026;05/02/2026;307,448;309,412;1,964;0;0;0;Não;;;https://download.doctorcondo.com.br/uploads2/condos/280/monthly_measurement/photo/944834/photo-e1f70665.jpg
C;904;Água Quente;02/2026;05/02/2026;174,678;177,403;2,725;0;0;0;Não;;;https://download.doctorcondo.com.br/uploads2/condos/280/monthly_measurement/photo/944837/photo-da5bcffb.jpg
C;905;Água Quente;02/2026;05/02/2026;37,612;39,109;1,497;0;0;0;Não;;;https://download.doctorcondo.com.br/uploads2/condos/280/monthly_measurement/photo/944840/photo-67b5c4e0.jpg
C;906;Água Quente;02/2026;05/02/2026;155,467;160,498;5,031;0;0;0;Não;;;https://download.doctorcondo.com.br/uploads2/condos/280/monthly_measurement/photo/944843/photo-4a8e6f0d.jpg
C;907;Água Quente;02/2026;05/02/2026;196,878;199,349;2,471;0;0;0;Não;;;https://download.doctorcondo.com.br/uploads2/condos/280/monthly_measurement/photo/944846/photo-116f2aa6.jpg
C;908;Água Quente;02/2026;05/02/2026;309,02;314,661;5,641;0;0;0;Não;;;https://download.doctorcondo.com.br/uploads2/condos/280/monthly_measurement/photo/944849/photo-9fb973b4.jpg
C;909;Água Quente;02/2026;05/02/2026;113,296;114,057;0,761;0;0;0;Não;;;https://download.doctorcondo.com.br/uploads2/condos/280/monthly_measurement/photo/944852/photo-47c7eb50.jpg
C;910;Água Quente;02/2026;05/02/2026;64,995;65,332;0,337;0;0;0;Não;;;https://download.doctorcondo.com.br/uploads2/condos/280/monthly_measurement/photo/944855/photo-5cb870dd.jpg
C;911;Água Quente;02/2026;05/02/2026;2,798;2,849;0,051;0;0;0;Não;;;https://download.doctorcondo.com.br/uploads2/condos/280/monthly_measurement/photo/944858/photo-46b28077.jpg
C;912;Água Quente;02/2026;05/02/2026;18,895;19,313;0,418;0;0;0;Não;;;https://download.doctorcondo.com.br/uploads2/condos/280/monthly_measurement/photo/944861/photo-ac1a8e51.jpg
C;1001;Água Quente;02/2026;30/01/2026;78,857;78,857;0;0;0;0;Não;;;https://download.doctorcondo.com.br/uploads2/condos/280/monthly_measurement/photo/944864/photo-3ca711eb.jpg
C;1002;Água Quente;02/2026;30/01/2026;283,773;285,647;1,874;0;0;0;Não;;;https://download.doctorcondo.com.br/uploads2/condos/280/monthly_measurement/photo/944867/photo-38de8493.jpg
C;1003;Água Quente;02/2026;30/01/2026;334,968;340,247;5,279;0;0;0;Não;;;https://download.doctorcondo.com.br/uploads2/condos/280/monthly_measurement/photo/944870/photo-8dad445a.jpg
C;1004;Água Quente;02/2026;30/01/2026;149,721;149,99;0,269;0;0;0;Não;;;https://download.doctorcondo.com.br/uploads2/condos/280/monthly_measurement/photo/944873/photo-9f67e94a.jpg
C;1005;Água Quente;02/2026;30/01/2026;34,05;36,599;2,549;0;0;0;Não;;;https://download.doctorcondo.com.br/uploads2/condos/280/monthly_measurement/photo/944876/photo-0e00da19.jpg
C;1006;Água Quente;02/2026;30/01/2026;270,346;273,363;3,017;0;0;0;Não;;;https://download.doctorcondo.com.br/uploads2/condos/280/monthly_measurement/photo/944879/photo-58ba151a.jpg
C;1007;Água Quente;02/2026;30/01/2026;266,356;268,305;1,949;0;0;0;Não;;;https://download.doctorcondo.com.br/uploads2/condos/280/monthly_measurement/photo/944882/photo-4c31fa23.jpg
C;1008;Água Quente;02/2026;30/01/2026;1,795;4,324;2,529;0;0;0;Não;;;https://download.doctorcondo.com.br/uploads2/condos/280/monthly_measurement/photo/944885/photo-4e0f8838.jpg
C;1009;Água Quente;02/2026;30/01/2026;17,799;18,115;0,316;0;0;0;Não;;;https://download.doctorcondo.com.br/uploads2/condos/280/monthly_measurement/photo/944888/photo-4a4b5a9d.jpg
C;1010;Água Quente;02/2026;30/01/2026;1,756;1,757;0,001;0;0;0;Não;;;https://download.doctorcondo.com.br/uploads2/condos/280/monthly_measurement/photo/944891/photo-f4742ed1.jpg
C;1011;Água Quente;02/2026;30/01/2026;23,299;24,42;1,121;0;0;0;Não;;;https://download.doctorcondo.com.br/uploads2/condos/280/monthly_measurement/photo/944894/photo-7c4d11cd.jpg
C;1012;Água Quente;02/2026;30/01/2026;381,91;387,513;5,603;0;0;0;Não;;;https://download.doctorcondo.com.br/uploads2/condos/280/monthly_measurement/photo/944897/photo-6e6b1bf2.jpg
C;1101;Água Quente;02/2026;30/01/2026;49,08;49,749;0,669;0;0;0;Não;;;https://download.doctorcondo.com.br/uploads2/condos/280/monthly_measurement/photo/944900/photo-6d7b13e9.jpg
C;1102;Água Quente;02/2026;30/01/2026;83,524;88,1;4,576;0;0;0;Não;;;https://download.doctorcondo.com.br/uploads2/condos/280/monthly_measurement/photo/944903/photo-92ff585c.jpg
C;1103;Água Quente;02/2026;30/01/2026;446,699;452,948;6,249;0;0;0;Não;;;https://download.doctorcondo.com.br/uploads2/condos/280/monthly_measurement/photo/944906/photo-8193b1a2.jpg
C;1104;Água Quente;02/2026;30/01/2026;91,576;97,328;5,752;0;0;0;Não;;;https://download.doctorcondo.com.br/uploads2/condos/280/monthly_measurement/photo/944909/photo-3a445a59.jpg
C;1105;Água Quente;02/2026;30/01/2026;104,406;108,42;4,014;0;0;0;Não;;;https://download.doctorcondo.com.br/uploads2/condos/280/monthly_measurement/photo/944912/photo-d64aec9d.jpg
C;1106;Água Quente;02/2026;30/01/2026;271,467;274,007;2,54;0;0;0;Não;;;https://download.doctorcondo.com.br/uploads2/condos/280/monthly_measurement/photo/944915/photo-d2c590a6.jpg
C;1107;Água Quente;02/2026;30/01/2026;138,607;141,418;2,811;0;0;0;Não;;;https://download.doctorcondo.com.br/uploads2/condos/280/monthly_measurement/photo/944918/photo-0d58403f.jpg
C;1108;Água Quente;02/2026;30/01/2026;450,989;457,872;6,883;0;0;0;Não;;;https://download.doctorcondo.com.br/uploads2/condos/280/monthly_measurement/photo/944921/photo-5367fae8.jpg
C;1109;Água Quente;02/2026;30/01/2026;98,468;100,974;2,506;0;0;0;Não;;;https://download.doctorcondo.com.br/uploads2/condos/280/monthly_measurement/photo/944924/photo-d5532a4f.jpg
C;1110;Água Quente;02/2026;30/01/2026;1,116;2,582;1,466;0;0;0;Não;;;https://download.doctorcondo.com.br/uploads2/condos/280/monthly_measurement/photo/944927/photo-314f5f42.jpg
C;1111;Água Quente;02/2026;30/01/2026;146,455;150,129;3,674;0;0;0;Não;;;https://download.doctorcondo.com.br/uploads2/condos/280/monthly_measurement/photo/944930/photo-c3bcbec6.jpg
C;1112;Água Quente;02/2026;30/01/2026;161,675;162,052;0,377;0;0;0;Não;;;https://download.doctorcondo.com.br/uploads2/condos/280/monthly_measurement/photo/944933/photo-58e99841.jpg
C;1201;Água Quente;02/2026;30/01/2026;203,302;204,934;1,632;0;0;0;Não;;;https://download.doctorcondo.com.br/uploads2/condos/280/monthly_measurement/photo/944936/photo-515f9bf2.jpg
C;1202;Água Quente;02/2026;30/01/2026;204,558;205,737;1,179;0;0;0;Não;;;https://download.doctorcondo.com.br/uploads2/condos/280/monthly_measurement/photo/944939/photo-6c7d16e9.jpg
C;1203;Água Quente;02/2026;30/01/2026;21,129;21,717;0,588;0;0;0;Não;;;https://download.doctorcondo.com.br/uploads2/condos/280/monthly_measurement/photo/944942/photo-574af0ea.jpg
C;1204;Água Quente;02/2026;30/01/2026;90,315;90,315;0;0;0;0;Não;;;https://download.doctorcondo.com.br/uploads2/condos/280/monthly_measurement/photo/944945/photo-a2eb9b29.jpg
C;1205;Água Quente;02/2026;30/01/2026;123,086;124,664;1,578;0;0;0;Não;;;https://download.doctorcondo.com.br/uploads2/condos/280/monthly_measurement/photo/944948/photo-923b5f4f.jpg
C;1206;Água Quente;02/2026;30/01/2026;144,21;146,516;2,306;0;0;0;Não;;;https://download.doctorcondo.com.br/uploads2/condos/280/monthly_measurement/photo/944951/photo-ac63278a.jpg
C;1207;Água Quente;02/2026;30/01/2026;249,548;255,49;5,942;0;0;0;Não;;;https://download.doctorcondo.com.br/uploads2/condos/280/monthly_measurement/photo/944954/photo-f66ee4bf.jpg
C;1208;Água Quente;02/2026;30/01/2026;199,181;201,326;2,145;0;0;0;Não;;;https://download.doctorcondo.com.br/uploads2/condos/280/monthly_measurement/photo/944957/photo-e82da13f.jpg
C;1209;Água Quente;02/2026;30/01/2026;179,534;181,785;2,251;0;0;0;Não;;;https://download.doctorcondo.com.br/uploads2/condos/280/monthly_measurement/photo/944960/photo-794144b9.jpg
C;1210;Água Quente;02/2026;30/01/2026;57,619;57,748;0,129;0;0;0;Não;;;https://download.doctorcondo.com.br/uploads2/condos/280/monthly_measurement/photo/944963/photo-0616d9dd.jpg
C;1211;Água Quente;02/2026;30/01/2026;115,209;117,64;2,431;0;0;0;Não;;;https://download.doctorcondo.com.br/uploads2/condos/280/monthly_measurement/photo/944966/photo-d3fdbc96.jpg
C;1212;Água Quente;02/2026;30/01/2026;88,578;88,578;0;0;0;0;Não;;;https://download.doctorcondo.com.br/uploads2/condos/280/monthly_measurement/photo/944969/photo-d6bd5aad.jpg
C;1301;Água Quente;02/2026;30/01/2026;134,014;138,383;4,369;0;0;0;Não;;;https://download.doctorcondo.com.br/uploads2/condos/280/monthly_measurement/photo/944972/photo-a36872a1.jpg
C;1302;Água Quente;02/2026;30/01/2026;151,35;153,796;2,446;0;0;0;Não;;;https://download.doctorcondo.com.br/uploads2/condos/280/monthly_measurement/photo/944975/photo-3f8cb04a.jpg
C;1303;Água Quente;02/2026;30/01/2026;164,773;165,918;1,145;0;0;0;Não;;;https://download.doctorcondo.com.br/uploads2/condos/280/monthly_measurement/photo/944978/photo-d5d0f3e1.jpg
C;1304;Água Quente;02/2026;30/01/2026;132,182;134,814;2,632;0;0;0;Não;;;https://download.doctorcondo.com.br/uploads2/condos/280/monthly_measurement/photo/944981/photo-1c454b1f.jpg
C;1305;Água Quente;02/2026;30/01/2026;130,926;133,167;2,241;0;0;0;Não;;;https://download.doctorcondo.com.br/uploads2/condos/280/monthly_measurement/photo/944984/photo-9cbcc8a6.jpg
C;1306;Água Quente;02/2026;30/01/2026;90,134;92,81;2,676;0;0;0;Não;;;https://download.doctorcondo.com.br/uploads2/condos/280/monthly_measurement/photo/944987/photo-2e2aad77.jpg
C;1307;Água Quente;02/2026;30/01/2026;45,344;46,749;1,405;0;0;0;Não;;;https://download.doctorcondo.com.br/uploads2/condos/280/monthly_measurement/photo/944990/photo-0d3016a5.jpg
C;1308;Água Quente;02/2026;30/01/2026;153,82;156,949;3,129;0;0;0;Não;;;https://download.doctorcondo.com.br/uploads2/condos/280/monthly_measurement/photo/944993/photo-0a917706.jpg
C;1309;Água Quente;02/2026;30/01/2026;150,864;152,504;1,64;0;0;0;Não;;;https://download.doctorcondo.com.br/uploads2/condos/280/monthly_measurement/photo/944996/photo-ee894973.jpg
C;1310;Água Quente;02/2026;30/01/2026;69,472;70,838;1,366;0;0;0;Não;;;https://download.doctorcondo.com.br/uploads2/condos/280/monthly_measurement/photo/944999/photo-49113de5.jpg
C;1311;Água Quente;02/2026;30/01/2026;102,771;105,362;2,591;0;0;0;Não;;;https://download.doctorcondo.com.br/uploads2/condos/280/monthly_measurement/photo/945002/photo-1f344f4d.jpg
C;1312;Água Quente;02/2026;30/01/2026;145,619;146,638;1,019;0;0;0;Não;;;https://download.doctorcondo.com.br/uploads2/condos/280/monthly_measurement/photo/945005/photo-22714f32.jpg
A;602;Água Quente;02/2026;29/01/2026;119,945;125,184;5,239;0;0;0;Não;;;https://download.doctorcondo.com.br/uploads2/condos/280/monthly_measurement/photo/945008/photo-a29c256a.jpg
A;603;Água Quente;02/2026;29/01/2026;98,607;102,314;3,707;0;0;0;Não;;;https://download.doctorcondo.com.br/uploads2/condos/280/monthly_measurement/photo/945011/photo-9f86e3c7.jpg
A;604;Água Quente;02/2026;29/01/2026;269,758;274,795;5,037;0;0;0;Não;;;https://download.doctorcondo.com.br/uploads2/condos/280/monthly_measurement/photo/945014/photo-e555cf77.jpg
A;605;Água Quente;02/2026;29/01/2026;44,193;45,43;1,237;0;0;0;Não;;;https://download.doctorcondo.com.br/uploads2/condos/280/monthly_measurement/photo/945017/photo-e1b83b10.jpg
A;606;Água Quente;02/2026;29/01/2026;229,805;229,805;0;0;0;0;Não;;;https://download.doctorcondo.com.br/uploads2/condos/280/monthly_measurement/photo/945020/photo-b6bd9644.jpg
A;607;Água Quente;02/2026;29/01/2026;9,244;10,227;0,983;0;0;0;Não;;;https://download.doctorcondo.com.br/uploads2/condos/280/monthly_measurement/photo/945023/photo-e7904d6e.jpg
A;608;Água Quente;02/2026;29/01/2026;252,807;255,805;2,998;0;0;0;Não;;;https://download.doctorcondo.com.br/uploads2/condos/280/monthly_measurement/photo/945026/photo-030f40d6.jpg
A;609;Água Quente;02/2026;29/01/2026;124,806;128,488;3,682;0;0;0;Não;;;https://download.doctorcondo.com.br/uploads2/condos/280/monthly_measurement/photo/945029/photo-d8f5d4ff.jpg
A;610;Água Quente;02/2026;29/01/2026;484,403;485,689;1,286;0;0;0;Não;;;https://download.doctorcondo.com.br/uploads2/condos/280/monthly_measurement/photo/945032/photo-d5ba5f84.jpg
A;611;Água Quente;02/2026;29/01/2026;91,564;102,599;11,035;0;0;0;Não;;;https://download.doctorcondo.com.br/uploads2/condos/280/monthly_measurement/photo/945035/photo-4ff3613a.jpg
B;602;Água Quente;02/2026;05/02/2026;136,164;138,739;2,575;0;0;0;Não;;;https://download.doctorcondo.com.br/uploads2/condos/280/monthly_measurement/photo/945038/photo-984d6350.jpg
B;603;Água Quente;02/2026;05/02/2026;102,133;105,961;3,828;0;0;0;Não;;;https://download.doctorcondo.com.br/uploads2/condos/280/monthly_measurement/photo/945041/photo-266ddc2f.jpg
B;604;Água Quente;02/2026;05/02/2026;116,929;121,149;4,22;0;0;0;Não;;;https://download.doctorcondo.com.br/uploads2/condos/280/monthly_measurement/photo/945044/photo-668256c4.jpg
B;605;Água Quente;02/2026;05/02/2026;198,964;203,706;4,742;0;0;0;Não;;;https://download.doctorcondo.com.br/uploads2/condos/280/monthly_measurement/photo/945047/photo-87c941c9.jpg
B;606;Água Quente;02/2026;05/02/2026;59,011;63,029;4,018;0;0;0;Não;;;https://download.doctorcondo.com.br/uploads2/condos/280/monthly_measurement/photo/945050/photo-ae5a581e.jpg
B;607;Água Quente;02/2026;05/02/2026;48,944;54,093;5,149;0;0;0;Não;;;https://download.doctorcondo.com.br/uploads2/condos/280/monthly_measurement/photo/945053/photo-4f483cb1.jpg
B;608;Água Quente;02/2026;05/02/2026;312,754;317,335;4,581;0;0;0;Não;;;https://download.doctorcondo.com.br/uploads2/condos/280/monthly_measurement/photo/945056/photo-6641ea34.jpg
B;609;Água Quente;02/2026;05/02/2026;177,94;182,675;4,735;0;0;0;Não;;;https://download.doctorcondo.com.br/uploads2/condos/280/monthly_measurement/photo/945059/photo-66842e5e.jpg
B;610;Água Quente;02/2026;05/02/2026;121,633;128,932;7,299;0;0;0;Não;;;https://download.doctorcondo.com.br/uploads2/condos/280/monthly_measurement/photo/945062/photo-8f2d13ec.jpg
B;611;Água Quente;02/2026;05/02/2026;200,881;201,993;1,112;0;0;0;Não;;;https://download.doctorcondo.com.br/uploads2/condos/280/monthly_measurement/photo/945065/photo-079e707a.jpg
C;602;Água Quente;02/2026;30/01/2026;146,666;148,165;1,499;0;0;0;Não;;;https://download.doctorcondo.com.br/uploads2/condos/280/monthly_measurement/photo/945068/photo-d99435fb.jpg
C;603;Água Quente;02/2026;30/01/2026;106,725;111,217;4,492;0;0;0;Não;;;https://download.doctorcondo.com.br/uploads2/condos/280/monthly_measurement/photo/945071/photo-2a787d81.jpg
C;604;Água Quente;02/2026;30/01/2026;101,247;111,217;9,97;0;0;0;Não;;;https://download.doctorcondo.com.br/uploads2/condos/280/monthly_measurement/photo/945074/photo-defc2c0e.jpg
C;605;Água Quente;02/2026;30/01/2026;86,345;87,429;1,084;0;0;0;Não;;;https://download.doctorcondo.com.br/uploads2/condos/280/monthly_measurement/photo/945077/photo-664945aa.jpg
C;606;Água Quente;02/2026;30/01/2026;60,632;65,715;5,083;0;0;0;Não;;;https://download.doctorcondo.com.br/uploads2/condos/280/monthly_measurement/photo/945080/photo-7b1d0247.jpg
C;607;Água Quente;02/2026;30/01/2026;126,436;130,307;3,871;0;0;0;Não;;;https://download.doctorcondo.com.br/uploads2/condos/280/monthly_measurement/photo/945083/photo-b118b7b9.jpg
C;608;Água Quente;02/2026;30/01/2026;284,742;285,213;0,471;0;0;0;Não;;;https://download.doctorcondo.com.br/uploads2/condos/280/monthly_measurement/photo/945086/photo-30f83ae3.jpg
C;609;Água Quente;02/2026;30/01/2026;129,994;133,874;3,88;0;0;0;Não;;;https://download.doctorcondo.com.br/uploads2/condos/280/monthly_measurement/photo/945089/photo-76ecd2c4.jpg
C;610;Água Quente;02/2026;30/01/2026;11,115;12,383;1,268;0;0;0;Não;;;https://download.doctorcondo.com.br/uploads2/condos/280/monthly_measurement/photo/945092/photo-5515a656.jpg
C;611;Água Quente;02/2026;30/01/2026;12,915;13,254;0,339;0;0;0;Não;;;https://download.doctorcondo.com.br/uploads2/condos/280/monthly_measurement/photo/945095/photo-c12f534d.jpg
